x-axis,1,2
second,Volt,Volt
-29.8000E-06,,
-29.7000E-06,+25.5280309786E+00,-2.5433448E-03
-29.6000E-06,+25.5280309786E+00,-2.5437972E-03
-29.5000E-06,+25.5280309786E+00,-2.5478487E-03
-29.4000E-06,+25.5280309786E+00,-2.5522894E-03
-29.3000E-06,+25.5280309786E+00,-2.5557317E-03
-29.2000E-06,+25.5280309786E+00,-2.5531751E-03
-29.1000E-06,+25.5280309786E+00,-2.5595255E-03
-29.0000E-06,+25.5280309786E+00,-2.5610093E-03
-28.9000E-06,+25.5280309786E+00,-2.5602477E-03
-28.8000E-06,+25.5280309786E+00,-2.5624261E-03
-28.7000E-06,+25.5280309786E+00,-2.5579418E-03
-28.6000E-06,+25.5280309786E+00,-2.5613849E-03
-28.5000E-06,+25.5280309786E+00,-2.5585872E-03
-28.4000E-06,+25.5280309786E+00,-2.5569671E-03
-28.3000E-06,+25.5280309786E+00,-2.5649421E-03
-28.2000E-06,+25.5280309786E+00,-2.5679542E-03
-28.1000E-06,+25.5280309786E+00,-2.5624894E-03
-28.0000E-06,+25.5280309786E+00,-2.5649333E-03
-27.9000E-06,+25.5280309786E+00,-2.5678350E-03
-27.8000E-06,+25.5280309786E+00,-2.5675720E-03
-27.7000E-06,+25.5280309786E+00,-2.5671810E-03
-27.6000E-06,+25.5280309786E+00,-2.5696501E-03
-27.5000E-06,+25.5280309786E+00,-2.5618268E-03
-27.4000E-06,+25.5280309786E+00,-2.5614685E-03
-27.3000E-06,+25.5280309786E+00,-2.5587651E-03
-27.2000E-06,+25.5280309786E+00,-2.5634128E-03
-27.1000E-06,+25.5280309786E+00,-2.5645453E-03
-27.0000E-06,+25.5280309786E+00,-2.5652506E-03
-26.9000E-06,+25.5280309786E+00,-2.5685997E-03
-26.8000E-06,+25.5280309786E+00,-2.5732320E-03
-26.7000E-06,+25.5280309786E+00,-2.5875807E-03
-26.6000E-06,+25.5280309786E+00,-2.5991458E-03
-26.5000E-06,+25.5280309786E+00,-2.5996401E-03
-26.4000E-06,+25.5280309786E+00,-2.6069097E-03
-26.3000E-06,+25.5280309786E+00,-2.6157192E-03
-26.2000E-06,+25.5280309786E+00,-2.6243706E-03
-26.1000E-06,+25.5280309786E+00,-2.6209431E-03
-26.0000E-06,+25.5280309786E+00,-2.6179521E-03
-25.9000E-06,+25.5280309786E+00,-2.6281200E-03
-25.8000E-06,+25.5280309786E+00,-2.6344673E-03
-25.7000E-06,+25.5280309786E+00,-2.6296757E-03
-25.6000E-06,+25.5280309786E+00,-2.6246524E-03
-25.5000E-06,+25.5280309786E+00,-2.6370855E-03
-25.4000E-06,+25.5280309786E+00,-2.6349909E-03
-25.3000E-06,+25.5280309786E+00,-2.6372771E-03
-25.2000E-06,+25.5280309786E+00,-2.6411903E-03
-25.1000E-06,+25.5280309786E+00,-2.6432419E-03
-25.0000E-06,+25.5280309786E+00,-2.6502319E-03
-24.9000E-06,+25.5280309786E+00,-2.6537584E-03
-24.8000E-06,+25.5280309786E+00,-2.6531772E-03
-24.7000E-06,+25.5280309786E+00,-2.6582840E-03
-24.6000E-06,+25.5280309786E+00,-2.6608234E-03
-24.5000E-06,+25.5280309786E+00,-2.6559840E-03
-24.4000E-06,+25.5280309786E+00,-2.6563119E-03
-24.3000E-06,+25.5280309786E+00,-2.6592769E-03
-24.2000E-06,+25.5280309786E+00,-2.6540566E-03
-24.1000E-06,+25.5280309786E+00,-2.6565477E-03
-24.0000E-06,+25.5280309786E+00,-2.6527991E-03
-23.9000E-06,+25.5280309786E+00,-2.6526874E-03
-23.8000E-06,+25.5280309786E+00,-2.6440487E-03
-23.7000E-06,+25.5280309786E+00,-2.6330538E-03
-23.6000E-06,+25.5280309786E+00,-2.6381306E-03
-23.5000E-06,+25.5280309786E+00,-2.6338192E-03
-23.4000E-06,+25.5280309786E+00,-2.6204133E-03
-23.3000E-06,+25.5280309786E+00,-2.6466187E-03
-23.2000E-06,+25.5280309786E+00,-2.6448578E-03
-23.1000E-06,+25.5280309786E+00,-2.6220791E-03
-23.0000E-06,+25.5280309786E+00,-2.6211856E-03
-22.9000E-06,+25.5280309786E+00,-2.6196217E-03
-22.8000E-06,+25.5280309786E+00,-2.6214047E-03
-22.7000E-06,+25.5280309786E+00,-2.6245406E-03
-22.6000E-06,+25.5280309786E+00,-2.6381701E-03
-22.5000E-06,+25.5280309786E+00,-2.6387716E-03
-22.4000E-06,+25.5280309786E+00,-2.6443357E-03
-22.3000E-06,+25.5280309786E+00,-2.6522020E-03
-22.2000E-06,+25.5280309786E+00,-2.6537055E-03
-22.1000E-06,+25.5280309786E+00,-2.6537830E-03
-22.0000E-06,+25.5280309786E+00,-2.6604549E-03
-21.9000E-06,+25.5280309786E+00,-2.6607128E-03
-21.8000E-06,+25.5280309786E+00,-2.6682434E-03
-21.7000E-06,+25.5280309786E+00,-2.6588865E-03
-21.6000E-06,+25.5280309786E+00,-2.6643334E-03
-21.5000E-06,+25.5280309786E+00,-2.6627422E-03
-21.4000E-06,+25.5280309786E+00,-2.6617530E-03
-21.3000E-06,+25.5280309786E+00,-2.6656722E-03
-21.2000E-06,+25.5280309786E+00,-2.6662459E-03
-21.1000E-06,+25.5280309786E+00,-2.6787436E-03
-21.0000E-06,+25.5280309786E+00,-2.6810886E-03
-20.9000E-06,+25.5280309786E+00,-2.6823559E-03
-20.8000E-06,+25.5280309786E+00,-2.6732361E-03
-20.7000E-06,+25.5280309786E+00,-2.6717983E-03
-20.6000E-06,+25.5280309786E+00,-2.6761755E-03
-20.5000E-06,+25.5280309786E+00,-2.6807205E-03
-20.4000E-06,+25.5280309786E+00,-2.6790674E-03
-20.3000E-06,+25.5280309786E+00,-2.6809736E-03
-20.2000E-06,+25.5280309786E+00,-2.6801731E-03
-20.1000E-06,+25.5280309786E+00,-2.6805131E-03
-20.0000E-06,+25.5280309786E+00,-2.6786645E-03
-19.9000E-06,+25.5280309786E+00,-2.6833753E-03
-19.8000E-06,+25.5280309786E+00,-2.6850914E-03
-19.7000E-06,+25.5280309786E+00,-2.6931745E-03
-19.6000E-06,+25.5280309786E+00,-2.7023856E-03
-19.5000E-06,+25.5280309786E+00,-2.6984198E-03
-19.4000E-06,+25.5280309786E+00,-2.7009569E-03
-19.3000E-06,+25.5280309786E+00,-2.7044005E-03
-19.2000E-06,+25.5280309786E+00,-2.7095379E-03
-19.1000E-06,+25.5280309786E+00,-2.7091239E-03
-19.0000E-06,+25.5280309786E+00,-2.7140484E-03
-18.9000E-06,+25.5280309786E+00,-2.7129462E-03
-18.8000E-06,+25.5280309786E+00,-2.7135013E-03
-18.7000E-06,+25.5280309786E+00,-2.7207292E-03
-18.6000E-06,+25.5280309786E+00,-2.7236431E-03
-18.5000E-06,+25.5280309786E+00,-2.7198476E-03
-18.4000E-06,+25.5280309786E+00,-2.7225785E-03
-18.3000E-06,+25.5280309786E+00,-2.7183514E-03
-18.2000E-06,+25.5280309786E+00,-2.7226983E-03
-18.1000E-06,+25.5280309786E+00,-2.7192810E-03
-18.0000E-06,+25.5280309786E+00,-2.7282975E-03
-17.9000E-06,+25.5280309786E+00,-2.7305133E-03
-17.8000E-06,+25.5280309786E+00,-2.7266960E-03
-17.7000E-06,+25.5280309786E+00,-2.7272351E-03
-17.6000E-06,+25.5280309786E+00,-2.7284926E-03
-17.5000E-06,+25.5280309786E+00,-2.7350307E-03
-17.4000E-06,+25.5280309786E+00,-2.7241394E-03
-17.3000E-06,+25.5280309786E+00,-2.7377053E-03
-17.2000E-06,+25.5280309786E+00,-2.7291078E-03
-17.1000E-06,+25.5280309786E+00,-2.7437119E-03
-17.0000E-06,+25.5280309786E+00,-2.7429692E-03
-16.9000E-06,+25.5280309786E+00,-2.7487680E-03
-16.8000E-06,+25.5280309786E+00,-2.7407902E-03
-16.7000E-06,+25.5280309786E+00,-2.7434604E-03
-16.6000E-06,+25.5280309786E+00,-2.7448755E-03
-16.5000E-06,+25.5280309786E+00,-2.7442450E-03
-16.4000E-06,+25.5280309786E+00,-2.7307996E-03
-16.3000E-06,+25.5280309786E+00,-2.7323239E-03
-16.2000E-06,+25.5280309786E+00,-2.7398924E-03
-16.1000E-06,+25.5280309786E+00,-2.7413995E-03
-16.0000E-06,+25.5280309786E+00,-2.7484804E-03
-15.9000E-06,+25.5280309786E+00,-2.7488470E-03
-15.8000E-06,+25.5280309786E+00,-2.7485765E-03
-15.7000E-06,+25.5280309786E+00,-2.7498127E-03
-15.6000E-06,+25.5280309786E+00,-2.7490972E-03
-15.5000E-06,+25.5280309786E+00,-2.7534248E-03
-15.4000E-06,+25.5280309786E+00,-2.7528674E-03
-15.3000E-06,+25.5280309786E+00,-2.7524959E-03
-15.2000E-06,+25.5280309786E+00,-2.7514866E-03
-15.1000E-06,+25.5280309786E+00,-2.7549057E-03
-15.0000E-06,+25.5280309786E+00,-2.7504410E-03
-14.9000E-06,+25.5280309786E+00,-2.7580627E-03
-14.8000E-06,+25.5280309786E+00,-2.7528482E-03
-14.7000E-06,+25.5280309786E+00,-2.7637550E-03
-14.6000E-06,+25.5280309786E+00,-2.7663346E-03
-14.5000E-06,+25.5280309786E+00,-2.7606875E-03
-14.4000E-06,+25.5280309786E+00,-2.7584368E-03
-14.3000E-06,+25.5280309786E+00,-2.7565297E-03
-14.2000E-06,+25.5280309786E+00,-2.7614867E-03
-14.1000E-06,+25.5280309786E+00,-2.7621230E-03
-14.0000E-06,+25.5280309786E+00,-2.7709479E-03
-13.9000E-06,+25.5280309786E+00,-2.7659752E-03
-13.8000E-06,+25.5280309786E+00,-2.7613258E-03
-13.7000E-06,+25.5280309786E+00,-2.7529929E-03
-13.6000E-06,+25.5280309786E+00,-2.7549955E-03
-13.5000E-06,+25.5280309786E+00,-2.7570312E-03
-13.4000E-06,+25.5280309786E+00,-2.7599352E-03
-13.3000E-06,+25.5280309786E+00,-2.7586814E-03
-13.2000E-06,+25.5280309786E+00,-2.7653392E-03
-13.1000E-06,+25.5280309786E+00,-2.7627927E-03
-13.0000E-06,+25.5280309786E+00,-2.7597341E-03
-12.9000E-06,+25.5280309786E+00,-2.7519299E-03
-12.8000E-06,+25.5280309786E+00,-2.7549601E-03
-12.7000E-06,+25.5280309786E+00,-2.7554393E-03
-12.6000E-06,+25.5280309786E+00,-2.7533147E-03
-12.5000E-06,+25.5280309786E+00,-2.7532440E-03
-12.4000E-06,+25.5280309786E+00,-2.7412687E-03
-12.3000E-06,+25.5280309786E+00,-2.7358214E-03
-12.2000E-06,+25.5280309786E+00,-2.7393888E-03
-12.1000E-06,+25.5280309786E+00,-2.7447675E-03
-12.0000E-06,+25.5280309786E+00,-2.7421077E-03
-11.9000E-06,+25.5280309786E+00,-2.7515984E-03
-11.8000E-06,+25.5280309786E+00,-2.7596825E-03
-11.7000E-06,+25.5280309786E+00,-2.7627024E-03
-11.6000E-06,+25.5280309786E+00,-2.7627678E-03
-11.5000E-06,+25.5280309786E+00,-2.7655407E-03
-11.4000E-06,+25.5280309786E+00,-2.7650729E-03
-11.3000E-06,+25.5280309786E+00,-2.7652494E-03
-11.2000E-06,+25.5280309786E+00,-2.7661265E-03
-11.1000E-06,+25.5280309786E+00,-2.7654119E-03
-11.0000E-06,+25.5280309786E+00,-2.7677737E-03
-10.9000E-06,+25.5280309786E+00,-2.7754756E-03
-10.8000E-06,+25.5280309786E+00,-2.7784506E-03
-10.7000E-06,+25.5280309786E+00,-2.7774236E-03
-10.6000E-06,+25.5280309786E+00,-2.7768697E-03
-10.5000E-06,+25.5280309786E+00,-2.7861939E-03
-10.4000E-06,+25.5280309786E+00,-2.7856329E-03
-10.3000E-06,+25.5280309786E+00,-2.7830382E-03
-10.2000E-06,+25.5280309786E+00,-2.7908631E-03
-10.1000E-06,+25.5280309786E+00,-2.7902395E-03
-10.0000E-06,+25.5280309786E+00,-2.7790096E-03
-9.9000E-06,+25.5280309786E+00,-2.7880822E-03
-9.8000E-06,+25.5280309786E+00,-2.7883578E-03
-9.7000E-06,+25.5280309786E+00,-2.7592564E-03
-9.6000E-06,+25.5280309786E+00,-2.7959155E-03
-9.5000E-06,+25.5280309786E+00,-2.8105465E-03
-9.4000E-06,+25.5280309786E+00,-2.7800562E-03
-9.3000E-06,+25.5280309786E+00,-2.7795610E-03
-9.2000E-06,+25.5280309786E+00,-2.7815260E-03
-9.1000E-06,+25.5280309786E+00,-2.7832113E-03
-9.0000E-06,+25.5280309786E+00,-2.7899301E-03
-8.9000E-06,+25.5280309786E+00,-2.7895380E-03
-8.8000E-06,+25.5280309786E+00,-2.8036710E-03
-8.7000E-06,+25.5280309786E+00,-2.8119103E-03
-8.6000E-06,+25.5280309786E+00,-2.8107455E-03
-8.5000E-06,+25.5280309786E+00,-2.8085688E-03
-8.4000E-06,+25.5280309786E+00,-2.8147694E-03
-8.3000E-06,+25.5280309786E+00,-2.8157066E-03
-8.2000E-06,+25.5280309786E+00,-2.8119432E-03
-8.1000E-06,+25.5280309786E+00,-2.8147666E-03
-8.0000E-06,+25.5280309786E+00,-2.8200371E-03
-7.9000E-06,+25.5280309786E+00,-2.8108353E-03
-7.8000E-06,+25.5280309786E+00,-2.8132147E-03
-7.7000E-06,+25.5280309786E+00,-2.8101410E-03
-7.6000E-06,+25.5280309786E+00,-2.8179819E-03
-7.5000E-06,+25.5280309786E+00,-2.8227797E-03
-7.4000E-06,+25.5280309786E+00,-2.8108009E-03
-7.3000E-06,+25.5280309786E+00,-2.8166227E-03
-7.2000E-06,+25.5280309786E+00,-2.8198374E-03
-7.1000E-06,+25.5280309786E+00,-2.8252588E-03
-7.0000E-06,+25.5280309786E+00,-2.8222575E-03
-6.9000E-06,+25.5280309786E+00,-2.8418390E-03
-6.8000E-06,+25.5280309786E+00,-2.8467690E-03
-6.7000E-06,+25.5280309786E+00,-2.8502420E-03
-6.6000E-06,+25.5280309786E+00,-2.8576816E-03
-6.5000E-06,+25.5280309786E+00,-2.8677064E-03
-6.4000E-06,+25.5280309786E+00,-2.8691104E-03
-6.3000E-06,+25.5280309786E+00,-2.8779088E-03
-6.2000E-06,+25.5280309786E+00,-2.8839475E-03
-6.1000E-06,+25.5280309786E+00,-2.8934002E-03
-6.0000E-06,+25.5280309786E+00,-2.9020269E-03
-5.9000E-06,+25.5280309786E+00,-2.9069692E-03
-5.8000E-06,+25.5280309786E+00,-2.9077372E-03
-5.7000E-06,+25.5280309786E+00,-2.9095940E-03
-5.6000E-06,+25.5280309786E+00,-2.9269813E-03
-5.5000E-06,+25.5280309786E+00,-2.9244115E-03
-5.4000E-06,+25.5280309786E+00,-2.9244170E-03
-5.3000E-06,+25.5280309786E+00,-2.9254729E-03
-5.2000E-06,+25.5280309786E+00,-2.9279619E-03
-5.1000E-06,+25.5280309786E+00,-2.9363672E-03
-5.0000E-06,+25.5280309786E+00,-2.9376325E-03
-4.9000E-06,+25.5280309786E+00,-2.9515570E-03
-4.8000E-06,+25.5280309786E+00,-2.9534820E-03
-4.7000E-06,+25.5280309786E+00,-2.9540759E-03
-4.6000E-06,+25.5280309786E+00,-2.9598813E-03
-4.5000E-06,+25.5280309786E+00,-2.9654813E-03
-4.4000E-06,+25.5280309786E+00,-2.9738560E-03
-4.3000E-06,+25.5280309786E+00,-2.9758047E-03
-4.2000E-06,+25.5280309786E+00,-2.9809547E-03
-4.1000E-06,+25.5280309786E+00,-2.9833010E-03
-4.0000E-06,+25.5280309786E+00,-2.9865423E-03
-3.9000E-06,+25.5280309786E+00,-2.9959158E-03
-3.8000E-06,+25.5280309786E+00,-2.9914946E-03
-3.7000E-06,+25.5280309786E+00,-2.9983523E-03
-3.6000E-06,+25.5280309786E+00,-3.0095163E-03
-3.5000E-06,+25.5280309786E+00,-3.0052667E-03
-3.4000E-06,+25.5280309786E+00,-3.0112179E-03
-3.3000E-06,+25.5280309786E+00,-3.0218254E-03
-3.2000E-06,+25.5280309786E+00,-3.0230873E-03
-3.1000E-06,+25.5280309786E+00,-3.0211461E-03
-3.0000E-06,+25.5280309786E+00,-3.0188912E-03
-2.9000E-06,+25.5280309786E+00,-3.0144930E-03
-2.8000E-06,+25.5280309786E+00,-3.0102873E-03
-2.7000E-06,+25.5280309786E+00,-3.0094411E-03
-2.6000E-06,+25.5280309786E+00,-3.0109382E-03
-2.5000E-06,+25.5280309786E+00,-3.0145414E-03
-2.4000E-06,+25.5280309786E+00,-3.0094564E-03
-2.3000E-06,+25.5280309786E+00,-3.0136314E-03
-2.2000E-06,+25.5280309786E+00,-3.0149750E-03
-2.1000E-06,+25.5280309786E+00,-3.0169106E-03
-2.0000E-06,+25.5280309786E+00,-3.0154660E-03
-1.9000E-06,+25.5280309786E+00,-3.0184982E-03
-1.8000E-06,+25.5280309786E+00,-3.0215068E-03
-1.7000E-06,+25.5280309786E+00,-3.0167857E-03
-1.6000E-06,+25.5280309786E+00,-3.0132728E-03
-1.5000E-06,+25.5280309786E+00,-3.0105111E-03
-1.4000E-06,+25.5280309786E+00,-3.0180226E-03
-1.3000E-06,+25.5280309786E+00,-3.0139044E-03
-1.2000E-06,+25.5280309786E+00,-3.0150770E-03
-1.1000E-06,+25.5280309786E+00,-3.0175877E-03
-1.0000E-06,+25.5280309786E+00,-3.0197030E-03
-900.0E-09,+25.5280309786E+00,-3.0154642E-03
-800.0E-09,+25.5280309786E+00,-3.0264716E-03
-700.0E-09,+25.5280309786E+00,-3.0293630E-03
-600.0E-09,+25.5280309786E+00,-3.0258358E-03
-500.0E-09,+25.5280309786E+00,-3.0285307E-03
-400.0E-09,+25.5280309786E+00,-3.0367276E-03
-300.0E-09,+25.5280309786E+00,-3.0303208E-03
-200.0E-09,+25.5280309786E+00,-3.0249090E-03
-100.0E-09,+25.5280309786E+00,-3.0185047E-03
-0.0E+00,+25.5197029302E+00,-3.0239563E-03
+100.0E-09,+266.9564515E-03,-2.8216369E-03
+200.0E-09,+1.4523964193E+00,-3.0578140E-03
+300.0E-09,+1.4176613303E+00,-3.0238482E-03
+400.0E-09,+1.4034281954E+00,-3.0445917E-03
+500.0E-09,+1.4407629210E+00,-3.0309100E-03
+600.0E-09,+1.4468618682E+00,-3.0243677E-03
+700.0E-09,+1.4598534466E+00,-3.0225964E-03
+800.0E-09,+1.4643927833E+00,-3.0077564E-03
+900.0E-09,+1.4754978875E+00,-3.0035629E-03
+1.0000E-06,+1.4802809939E+00,-2.9951705E-03
+1.1000E-06,+1.4853688975E+00,-2.9941466E-03
+1.2000E-06,+1.4896716252E+00,-2.9955213E-03
+1.3000E-06,+1.4891451438E+00,-2.9973778E-03
+1.4000E-06,+1.4914879987E+00,-2.9912508E-03
+1.5000E-06,+1.4886112001E+00,-2.9885504E-03
+1.6000E-06,+1.4898712428E+00,-2.9867242E-03
+1.7000E-06,+1.4898761518E+00,-2.9765644E-03
+1.8000E-06,+1.4844730302E+00,-2.9724515E-03
+1.9000E-06,+1.4835070433E+00,-2.9803350E-03
+2.0000E-06,+1.4820385921E+00,-2.9703845E-03
+2.1000E-06,+1.4786512638E+00,-2.9655591E-03
+2.2000E-06,+1.4753810622E+00,-2.9693363E-03
+2.3000E-06,+1.4731274351E+00,-2.9690799E-03
+2.4000E-06,+1.4665749623E+00,-2.9631548E-03
+2.5000E-06,+1.4631791446E+00,-2.9598802E-03
+2.6000E-06,+1.4610632034E+00,-2.9520401E-03
+2.7000E-06,+1.4550330284E+00,-2.9513042E-03
+2.8000E-06,+1.4502394822E+00,-2.9490656E-03
+2.9000E-06,+1.4467611737E+00,-2.9449089E-03
+3.0000E-06,+1.4416535590E+00,-2.9485183E-03
+3.1000E-06,+1.4347674855E+00,-2.9420225E-03
+3.2000E-06,+1.4296834639E+00,-2.9365576E-03
+3.3000E-06,+1.4253492568E+00,-2.9350889E-03
+3.4000E-06,+1.4208779669E+00,-2.9346820E-03
+3.5000E-06,+1.4155976066E+00,-2.9310998E-03
+3.6000E-06,+1.4095908457E+00,-2.9233214E-03
+3.7000E-06,+1.4062415546E+00,-2.9190733E-03
+3.8000E-06,+1.3975143651E+00,-2.9301075E-03
+3.9000E-06,+1.3938477832E+00,-2.9226725E-03
+4.0000E-06,+1.3903190662E+00,-2.9012355E-03
+4.1000E-06,+1.3807317947E+00,-2.9101340E-03
+4.2000E-06,+1.3793881775E+00,-2.9312991E-03
+4.3000E-06,+1.3733702514E+00,-2.9073993E-03
+4.4000E-06,+1.3636217010E+00,-2.9102177E-03
+4.5000E-06,+1.3609701012E+00,-2.8954922E-03
+4.6000E-06,+1.3547705820E+00,-2.8932082E-03
+4.7000E-06,+1.3486320335E+00,-2.8937604E-03
+4.8000E-06,+1.3438285281E+00,-2.9036997E-03
+4.9000E-06,+1.3376769205E+00,-2.9167812E-03
+5.0000E-06,+1.3336086913E+00,-2.9187473E-03
+5.1000E-06,+1.3292744842E+00,-2.9230606E-03
+5.2000E-06,+1.3218436033E+00,-2.9212959E-03
+5.3000E-06,+1.3186630535E+00,-2.9306760E-03
+5.4000E-06,+1.3135690727E+00,-2.9374680E-03
+5.5000E-06,+1.3064414247E+00,-2.9471245E-03
+5.6000E-06,+1.3038558836E+00,-2.9557904E-03
+5.7000E-06,+1.2978629639E+00,-2.9587673E-03
+5.8000E-06,+1.2961483684E+00,-2.9550288E-03
+5.9000E-06,+1.2888662161E+00,-2.9632430E-03
+6.0000E-06,+1.2843035879E+00,-2.9730577E-03
+6.1000E-06,+1.2808358416E+00,-2.9809272E-03
+6.2000E-06,+1.2753839416E+00,-2.9898593E-03
+6.3000E-06,+1.2717092943E+00,-2.9942361E-03
+6.4000E-06,+1.2673847450E+00,-2.9973960E-03
+6.5000E-06,+1.2640502938E+00,-2.9967991E-03
+6.6000E-06,+1.2602500304E+00,-3.0030145E-03
+6.7000E-06,+1.2575716435E+00,-3.0118639E-03
+6.8000E-06,+1.2509805304E+00,-3.0114248E-03
+6.9000E-06,+1.2480640645E+00,-3.0145090E-03
+7.0000E-06,+1.2442638012E+00,-3.0189939E-03
+7.1000E-06,+1.2399070846E+00,-3.0135531E-03
+7.2000E-06,+1.2366632745E+00,-3.0077869E-03
+7.3000E-06,+1.2341776458E+00,-3.0062241E-03
+7.4000E-06,+1.2282775719E+00,-3.0131037E-03
+7.5000E-06,+1.2268373212E+00,-3.0143257E-03
+7.6000E-06,+1.2241184001E+00,-3.0079249E-03
+7.7000E-06,+1.2191873753E+00,-3.0093707E-03
+7.8000E-06,+1.2170023979E+00,-3.0166650E-03
+7.9000E-06,+1.2153468794E+00,-3.0229875E-03
+8.0000E-06,+1.2112953839E+00,-3.0255259E-03
+8.1000E-06,+1.2088142401E+00,-3.0281569E-03
+8.2000E-06,+1.2059065275E+00,-3.0271379E-03
+8.3000E-06,+1.2047130239E+00,-3.0326998E-03
+8.4000E-06,+1.1999345249E+00,-3.0389305E-03
+8.5000E-06,+1.1990144615E+00,-3.0386361E-03
+8.6000E-06,+1.1970135741E+00,-3.0473900E-03
+8.7000E-06,+1.1923570259E+00,-3.0587466E-03
+8.8000E-06,+1.1915044063E+00,-3.0592307E-03
+8.9000E-06,+1.1898840323E+00,-3.0617477E-03
+9.0000E-06,+1.1853893661E+00,-3.0604195E-03
+9.1000E-06,+1.1838223780E+00,-3.0592294E-03
+9.2000E-06,+1.1802874047E+00,-3.0594912E-03
+9.3000E-06,+1.1779585700E+00,-3.0650792E-03
+9.4000E-06,+1.1773712404E+00,-3.0661394E-03
+9.5000E-06,+1.1759531976E+00,-3.0643420E-03
+9.6000E-06,+1.1723822599E+00,-3.0692512E-03
+9.7000E-06,+1.1722566439E+00,-3.0821286E-03
+9.8000E-06,+1.1681880283E+00,-3.0864894E-03
+9.9000E-06,+1.1649388287E+00,-3.0956389E-03
+10.0000E-06,+1.1624576850E+00,-3.1003769E-03
+10.1000E-06,+1.1631172448E+00,-3.1190227E-03
+10.2000E-06,+1.1614212769E+00,-3.1018652E-03
+10.3000E-06,+1.1585270191E+00,-3.1080423E-03
+10.4000E-06,+1.1578191614E+00,-3.1309047E-03
+10.5000E-06,+1.1560096095E+00,-3.1351066E-03
+10.6000E-06,+1.1531395855E+00,-3.1432244E-03
+10.7000E-06,+1.1498197103E+00,-3.1439975E-03
+10.8000E-06,+1.1502453276E+00,-3.1477175E-03
+10.9000E-06,+1.1488968863E+00,-3.1582615E-03
+11.0000E-06,+1.1478289989E+00,-3.1595595E-03
+11.1000E-06,+1.1485248245E+00,-3.1667500E-03
+11.2000E-06,+1.1444615984E+00,-3.1675820E-03
+11.3000E-06,+1.1433771939E+00,-3.1690335E-03
+11.4000E-06,+1.1421705842E+00,-3.1715036E-03
+11.5000E-06,+1.1401340340E+00,-3.1688559E-03
+11.6000E-06,+1.1378462516E+00,-3.1734457E-03
+11.7000E-06,+1.1368775888E+00,-3.1784341E-03
+11.8000E-06,+1.1383108954E+00,-3.1781343E-03
+11.9000E-06,+1.1357569184E+00,-3.1781178E-03
+12.0000E-06,+1.1362380793E+00,-3.1757257E-03
+12.1000E-06,+1.1336313195E+00,-3.1778642E-03
+12.2000E-06,+1.1322342787E+00,-3.1878643E-03
+12.3000E-06,+1.1302606872E+00,-3.1876073E-03
+12.4000E-06,+1.1288210395E+00,-3.1841803E-03
+12.5000E-06,+1.1279051596E+00,-3.1931960E-03
+12.6000E-06,+1.1275435752E+00,-3.1956077E-03
+12.7000E-06,+1.1261354069E+00,-3.1922063E-03
+12.8000E-06,+1.1263348078E+00,-3.1928420E-03
+12.9000E-06,+1.1256278546E+00,-3.1923165E-03
+13.0000E-06,+1.1233562877E+00,-3.1916552E-03
+13.1000E-06,+1.1215871851E+00,-3.1940668E-03
+13.2000E-06,+1.1201424494E+00,-3.1852350E-03
+13.3000E-06,+1.1225501098E+00,-3.1851832E-03
+13.4000E-06,+1.1186141016E+00,-3.1869659E-03
+13.5000E-06,+1.1178444911E+00,-3.1814008E-03
+13.6000E-06,+1.1196765996E+00,-3.1715452E-03
+13.7000E-06,+1.1175617796E+00,-3.1724947E-03
+13.8000E-06,+1.1161850906E+00,-3.1660647E-03
+13.9000E-06,+1.1157087162E+00,-3.1591500E-03
+14.0000E-06,+1.1139132222E+00,-3.1485556E-03
+14.1000E-06,+1.1152425649E+00,-3.1442212E-03
+14.2000E-06,+1.1125365333E+00,-3.1410802E-03
+14.3000E-06,+1.1126882393E+00,-3.1349567E-03
+14.4000E-06,+1.1106052002E+00,-3.1254235E-03
+14.5000E-06,+1.1101495262E+00,-3.1257077E-03
+14.6000E-06,+1.1124321736E+00,-3.1069614E-03
+14.7000E-06,+1.1074905866E+00,-3.0978046E-03
+14.8000E-06,+1.1077625192E+00,-3.0917786E-03
+14.9000E-06,+1.1073595810E+00,-3.0900104E-03
+15.0000E-06,+1.1082703730E+00,-3.0815335E-03
+15.1000E-06,+1.1077948560E+00,-3.0684864E-03
+15.2000E-06,+1.1051827067E+00,-3.0612739E-03
+15.3000E-06,+1.1058779764E+00,-3.0431678E-03
+15.4000E-06,+1.1053440327E+00,-3.0395744E-03
+15.5000E-06,+1.1020216042E+00,-3.0313656E-03
+15.6000E-06,+1.1028901378E+00,-3.0278639E-03
+15.7000E-06,+1.1013866739E+00,-3.0251332E-03
+15.8000E-06,+1.1033503438E+00,-3.0024838E-03
+15.9000E-06,+1.1013387246E+00,-2.9902621E-03
+16.0000E-06,+1.1033911417E+00,-2.9803218E-03
+16.1000E-06,+1.1012091795E+00,-2.9726709E-03
+16.2000E-06,+1.1032913141E+00,-2.9710574E-03
+16.3000E-06,+1.0981257437E+00,-2.9524776E-03
+16.4000E-06,+1.0981977195E+00,-2.9425082E-03
+16.5000E-06,+1.0983769759E+00,-2.9303415E-03
+16.6000E-06,+1.0977174161E+00,-2.9186027E-03
+16.7000E-06,+1.0985116090E+00,-2.8975846E-03
+16.8000E-06,+1.1000246929E+00,-2.8801285E-03
+16.9000E-06,+1.0965754894E+00,-2.8659915E-03
+17.0000E-06,+1.0990050563E+00,-2.8553495E-03
+17.1000E-06,+1.0962211036E+00,-2.8339660E-03
+17.2000E-06,+1.0973033975E+00,-2.8172605E-03
+17.3000E-06,+1.0956841353E+00,-2.8084041E-03
+17.4000E-06,+1.0962355100E+00,-2.7923004E-03
+17.5000E-06,+1.0957015663E+00,-2.7735616E-03
+17.6000E-06,+1.0949277724E+00,-2.7709893E-03
+17.7000E-06,+1.0945851265E+00,-2.7795099E-03
+17.8000E-06,+1.0941425965E+00,-2.7434798E-03
+17.9000E-06,+1.0922838422E+00,-2.7455940E-03
+18.0000E-06,+1.0936829935E+00,-2.7303349E-03
+18.1000E-06,+1.0934317614E+00,-2.7188813E-03
+18.2000E-06,+1.0935343120E+00,-2.7087588E-03
+18.3000E-06,+1.0924292542E+00,-2.7091241E-03
+18.4000E-06,+1.0925722447E+00,-2.7063595E-03
+18.5000E-06,+1.0922523628E+00,-2.7054247E-03
+18.6000E-06,+1.0921837130E+00,-2.6953516E-03
+18.7000E-06,+1.0941425965E+00,-2.6898676E-03
+18.8000E-06,+1.0913436908E+00,-2.6907823E-03
+18.9000E-06,+1.0905818819E+00,-2.6840602E-03
+19.0000E-06,+1.0908624734E+00,-2.6781511E-03
+19.1000E-06,+1.0910843462E+00,-2.6768856E-03
+19.2000E-06,+1.0917870688E+00,-2.6733492E-03
+19.3000E-06,+1.0903168462E+00,-2.6742155E-03
+19.4000E-06,+1.0908999453E+00,-2.6647306E-03
+19.5000E-06,+1.0916359659E+00,-2.6678845E-03
+19.6000E-06,+1.0904484548E+00,-2.6744487E-03
+19.7000E-06,+1.0890487005E+00,-2.6772573E-03
+19.8000E-06,+1.0881049121E+00,-2.6879378E-03
+19.9000E-06,+1.0895631498E+00,-2.6974705E-03
+20.0000E-06,+1.0894195562E+00,-2.6952771E-03
+20.1000E-06,+1.0886463653E+00,-2.6964635E-03
+20.2000E-06,+1.0878117326E+00,-2.7065617E-03
+20.3000E-06,+1.0894750056E+00,-2.7148819E-03
+20.4000E-06,+1.0901708218E+00,-2.7196639E-03
+20.5000E-06,+1.0889725412E+00,-2.7283136E-03
+20.6000E-06,+1.0878986613E+00,-2.7309230E-03
+20.7000E-06,+1.0886463653E+00,-2.7434887E-03
+20.8000E-06,+1.0888601256E+00,-2.7482305E-03
+20.9000E-06,+1.0869695904E+00,-2.7554370E-03
+21.0000E-06,+1.0889359833E+00,-2.7621163E-03
+21.1000E-06,+1.0898275823E+00,-2.7737640E-03
+21.2000E-06,+1.0885774140E+00,-2.7853378E-03
+21.3000E-06,+1.0894882060E+00,-2.8002867E-03
+21.4000E-06,+1.0888286462E+00,-2.8192726E-03
+21.5000E-06,+1.0883076014E+00,-2.8269864E-03
+21.6000E-06,+1.0887282155E+00,-2.8430760E-03
+21.7000E-06,+1.0892054944E+00,-2.8632489E-03
+21.8000E-06,+1.0898149944E+00,-2.8706070E-03
+21.9000E-06,+1.0870256427E+00,-2.8847738E-03
+22.0000E-06,+1.0877103879E+00,-2.9042081E-03
+22.1000E-06,+1.0894315412E+00,-2.9189187E-03
+22.2000E-06,+1.0906187507E+00,-2.9381587E-03
+22.3000E-06,+1.0881187156E+00,-2.9561451E-03
+22.4000E-06,+1.0873398337E+00,-2.9645521E-03
+22.5000E-06,+1.0886337773E+00,-2.9657670E-03
+22.6000E-06,+1.0898587508E+00,-2.9870660E-03
+22.7000E-06,+1.0883007044E+00,-2.9984663E-03
+22.8000E-06,+1.0879052568E+00,-3.0131174E-03
+22.9000E-06,+1.0883573597E+00,-3.0247731E-03
+23.0000E-06,+1.0880245789E+00,-3.0376540E-03
+23.1000E-06,+1.0871515603E+00,-3.0470618E-03
+23.2000E-06,+1.0893436985E+00,-3.0571137E-03
+23.3000E-06,+1.0872133319E+00,-3.0656028E-03
+23.4000E-06,+1.0889854402E+00,-3.0709468E-03
+23.5000E-06,+1.0900725111E+00,-3.0817265E-03
+23.6000E-06,+1.0872765828E+00,-3.0920031E-03
+23.7000E-06,+1.0876534310E+00,-3.1013978E-03
+23.8000E-06,+1.0873578300E+00,-3.1299725E-03
+23.9000E-06,+1.0880431688E+00,-3.1131719E-03
+24.0000E-06,+1.0878611894E+00,-3.1122897E-03
+24.1000E-06,+1.0890795768E+00,-3.1378731E-03
+24.2000E-06,+1.0895376723E+00,-3.1416127E-03
+24.3000E-06,+1.0894315412E+00,-3.1463670E-03
+24.4000E-06,+1.0893568895E+00,-3.1557870E-03
+24.5000E-06,+1.0891305412E+00,-3.1622239E-03
+24.6000E-06,+1.0897076572E+00,-3.1639942E-03
+24.7000E-06,+1.0898149849E+00,-3.1696640E-03
+24.8000E-06,+1.0883651519E+00,-3.1759424E-03
+24.9000E-06,+1.0883819421E+00,-3.1777825E-03
+25.0000E-06,+1.0894381367E+00,-3.1889612E-03
+25.1000E-06,+1.0897406348E+00,-3.1875147E-03
+25.2000E-06,+1.0876678187E+00,-3.1851518E-03
+25.3000E-06,+1.0898464643E+00,-3.1876303E-03
+25.4000E-06,+1.0899274100E+00,-3.1890643E-03
+25.5000E-06,+1.0889737473E+00,-3.1966474E-03
+25.6000E-06,+1.0901786422E+00,-3.2098375E-03
+25.7000E-06,+1.0882113541E+00,-3.2079534E-03
+25.8000E-06,+1.0902841702E+00,-3.2166609E-03
+25.9000E-06,+1.0910177787E+00,-3.2218842E-03
+26.0000E-06,+1.0901831365E+00,-3.2292194E-03
+26.1000E-06,+1.0914012224E+00,-3.2337383E-03
+26.2000E-06,+1.0923635818E+00,-3.2382766E-03
+26.3000E-06,+1.0895436648E+00,-3.2440304E-03
+26.4000E-06,+1.0918455333E+00,-3.2525331E-03
+26.5000E-06,+1.0909680109E+00,-3.2571150E-03
+26.6000E-06,+1.0898644512E+00,-3.2691969E-03
+26.7000E-06,+1.0926774713E+00,-3.2706815E-03
+26.8000E-06,+1.0902167171E+00,-3.2754642E-03
+26.9000E-06,+1.0925230800E+00,-3.2832440E-03
+27.0000E-06,+1.0880113879E+00,-3.2805584E-03
+27.1000E-06,+1.0897073557E+00,-3.2818564E-03
+27.2000E-06,+1.0894315412E+00,-3.2854817E-03
+27.3000E-06,+1.0912600221E+00,-3.2909518E-03
+27.4000E-06,+1.0903492302E+00,-3.2962498E-03
+27.5000E-06,+1.0902098201E+00,-3.3045639E-03
+27.6000E-06,+1.0911934735E+00,-3.3078530E-03
+27.7000E-06,+1.0923800800E+00,-3.3160784E-03
+27.8000E-06,+1.0922022935E+00,-3.3183084E-03
+27.9000E-06,+1.0900944082E+00,-3.3221389E-03
+28.0000E-06,+1.0900875112E+00,-3.3245237E-03
+28.1000E-06,+1.0919789509E+00,-3.3280997E-03
+28.2000E-06,+1.0926594844E+00,-3.3364094E-03
+28.3000E-06,+1.0909215315E+00,-3.3435571E-03
+28.4000E-06,+1.0910018930E+00,-3.3460340E-03
+28.5000E-06,+1.0898956291E+00,-3.3479719E-03
+28.6000E-06,+1.0921780126E+00,-3.3469980E-03
+28.7000E-06,+1.0917172130E+00,-3.3444433E-03
+28.8000E-06,+1.0903839979E+00,-3.3467860E-03
+28.9000E-06,+1.0917273984E+00,-3.3531989E-03
+29.0000E-06,+1.0952347648E+00,-3.3573401E-03
+29.1000E-06,+1.0924922036E+00,-3.3631912E-03
+29.2000E-06,+1.0915601176E+00,-3.3644377E-03
+29.3000E-06,+1.0931547502E+00,-3.3673848E-03
+29.4000E-06,+1.0933088589E+00,-3.3759890E-03
+29.5000E-06,+1.0914515838E+00,-3.3773312E-03
+29.6000E-06,+1.0924895183E+00,-3.3822124E-03
+29.7000E-06,+1.0909677282E+00,-3.3878280E-03
+29.8000E-06,+1.0920553834E+00,-3.3961707E-03
+29.9000E-06,+1.0906151609E+00,-3.4055630E-03
+30.0000E-06,+1.0917870688E+00,-3.4173178E-03
+30.1000E-06,+1.0936689263E+00,-3.4168375E-03
+30.2000E-06,+1.0904607507E+00,-3.4163295E-03
+30.3000E-06,+1.0926181212E+00,-3.4235355E-03
+30.4000E-06,+1.0930675105E+00,-3.4194639E-03
+30.5000E-06,+1.0927365387E+00,-3.4143419E-03
+30.6000E-06,+1.0926882785E+00,-3.4160118E-03
+30.7000E-06,+1.0918740070E+00,-3.4193574E-03
+30.8000E-06,+1.0922121773E+00,-3.4199439E-03
+30.9000E-06,+1.0923545743E+00,-3.4234495E-03
+31.0000E-06,+1.0928570386E+00,-3.4259169E-03
+31.1000E-06,+1.0931616472E+00,-3.4285768E-03
+31.2000E-06,+1.0954323190E+00,-3.4364205E-03
+31.3000E-06,+1.0905494697E+00,-3.4390215E-03
+31.4000E-06,+1.0951697237E+00,-3.4443143E-03
+31.5000E-06,+1.0942774934E+00,-3.4519275E-03
+31.6000E-06,+1.0926516829E+00,-3.4579454E-03
+31.7000E-06,+1.0953618602E+00,-3.4491774E-03
+31.8000E-06,+1.0955096748E+00,-3.4357961E-03
+31.9000E-06,+1.0949997105E+00,-3.4424851E-03
+32.0000E-06,+1.0965353228E+00,-3.4454688E-03
+32.1000E-06,+1.0951625252E+00,-3.4440192E-03
+32.2000E-06,+1.0937417689E+00,-3.4513016E-03
+32.3000E-06,+1.0946690402E+00,-3.4585757E-03
+32.4000E-06,+1.0957264691E+00,-3.4634088E-03
+32.5000E-06,+1.0926022448E+00,-3.4647084E-03
+32.6000E-06,+1.0968108358E+00,-3.4697589E-03
+32.7000E-06,+1.0949277724E+00,-3.4848984E-03
+32.8000E-06,+1.0953436001E+00,-3.4836951E-03
+32.9000E-06,+1.0960886187E+00,-3.4766159E-03
+33.0000E-06,+1.0964981242E+00,-3.4739104E-03
+33.1000E-06,+1.0928061213E+00,-3.4746613E-03
+33.2000E-06,+1.0957129483E+00,-3.4709209E-03
+33.3000E-06,+1.0968587946E+00,-3.4703540E-03
+33.4000E-06,+1.0966075624E+00,-3.4693833E-03
+33.5000E-06,+1.0966399181E+00,-3.4659939E-03
+33.6000E-06,+1.0978724010E+00,-3.4610852E-03
+33.7000E-06,+1.0978570995E+00,-3.4629227E-03
+33.8000E-06,+1.0964981242E+00,-3.4705860E-03
+33.9000E-06,+1.0956508657E+00,-3.4653485E-03
+34.0000E-06,+1.0964981242E+00,-3.4626358E-03
+34.1000E-06,+1.0962237889E+00,-3.4567373E-03
+34.2000E-06,+1.0958154612E+00,-3.4566112E-03
+34.3000E-06,+1.0980684759E+00,-3.4532908E-03
+34.4000E-06,+1.0980447981E+00,-3.4582249E-03
+34.5000E-06,+1.0977698880E+00,-3.4593349E-03
+34.6000E-06,+1.0988140976E+00,-3.4561958E-03
+34.7000E-06,+1.0972833000E+00,-3.4605536E-03
+34.8000E-06,+1.0972833000E+00,-3.4633281E-03
+34.9000E-06,+1.0963800364E+00,-3.4630198E-03
+35.0000E-06,+1.0980450713E+00,-3.4574119E-03
+35.1000E-06,+1.0966159387E+00,-3.4583232E-03
+35.2000E-06,+1.0975267307E+00,-3.4578002E-03
+35.3000E-06,+1.0984375226E+00,-3.4517588E-03
+35.4000E-06,+1.0986495021E+00,-3.4610050E-03
+35.5000E-06,+1.0971577122E+00,-3.4666300E-03
+35.6000E-06,+1.0986965281E+00,-3.4660725E-03
+35.7000E-06,+1.0988536518E+00,-3.4658688E-03
+35.8000E-06,+1.0971339778E+00,-3.4675285E-03
+35.9000E-06,+1.0978483934E+00,-3.4659262E-03
+36.0000E-06,+1.0996388277E+00,-3.4724028E-03
+36.1000E-06,+1.0976760529E+00,-3.4720408E-03
+36.2000E-06,+1.0984998501E+00,-3.4789014E-03
+36.3000E-06,+1.0982330432E+00,-3.4810895E-03
+36.4000E-06,+1.0998192995E+00,-3.4820223E-03
+36.5000E-06,+1.1010361794E+00,-3.4808558E-03
+36.6000E-06,+1.0995605956E+00,-3.4853503E-03
+36.7000E-06,+1.0986257960E+00,-3.4856984E-03
+36.8000E-06,+1.1002195241E+00,-3.4835182E-03
+36.9000E-06,+1.1018774736E+00,-3.4859814E-03
+37.0000E-06,+1.1009111946E+00,-3.4905766E-03
+37.1000E-06,+1.0991282603E+00,-3.4810838E-03
+37.2000E-06,+1.0992386031E+00,-3.4848005E-03
+37.3000E-06,+1.1006833388E+00,-3.4857592E-03
+37.4000E-06,+1.0995051086E+00,-3.4940856E-03
+37.5000E-06,+1.1027552221E+00,-3.4964303E-03
+37.6000E-06,+1.1003064905E+00,-3.4985545E-03
+37.7000E-06,+1.1012649680E+00,-3.4831206E-03
+37.8000E-06,+1.1003763181E+00,-3.4987589E-03
+37.9000E-06,+1.1009183649E+00,-3.5058272E-03
+38.0000E-06,+1.1004240036E+00,-3.5186917E-03
+38.1000E-06,+1.0997971575E+00,-3.5048843E-03
+38.2000E-06,+1.1010371122E+00,-3.5062301E-03
+38.3000E-06,+1.1002737769E+00,-3.5055708E-03
+38.4000E-06,+1.1010985352E+00,-3.5029555E-03
+38.5000E-06,+1.1026389434E+00,-3.4939423E-03
+38.6000E-06,+1.1010125015E+00,-3.4928064E-03
+38.7000E-06,+1.1032093979E+00,-3.4866524E-03
+38.8000E-06,+1.1011546252E+00,-3.4735908E-03
+38.9000E-06,+1.1042342073E+00,-3.4711843E-03
+39.0000E-06,+1.1016885690E+00,-3.4721876E-03
+39.1000E-06,+1.1011315504E+00,-3.4673639E-03
+39.2000E-06,+1.1033365498E+00,-3.4675592E-03
+39.3000E-06,+1.1027795312E+00,-3.4648397E-03
+39.4000E-06,+1.1020405050E+00,-3.4577935E-03
+39.5000E-06,+1.1045402952E+00,-3.4645521E-03
+39.6000E-06,+1.1040000858E+00,-3.4628548E-03
+39.7000E-06,+1.1031647840E+00,-3.4549931E-03
+39.8000E-06,+1.1025136288E+00,-3.4533829E-03
+39.9000E-06,+1.1015922934E+00,-3.4508046E-03
+40.0000E-06,+1.1020111645E+00,-3.4531749E-03
+40.1000E-06,+1.1047834243E+00,-3.4544946E-03
+40.2000E-06,+1.1028362243E+00,-3.4548919E-03
+40.3000E-06,+1.1040780163E+00,-3.4549381E-03
+40.4000E-06,+1.1030706474E+00,-3.4540793E-03
+40.5000E-06,+1.1033992071E+00,-3.4597319E-03
+40.6000E-06,+1.1021140072E+00,-3.4539470E-03
+40.7000E-06,+1.1033932429E+00,-3.4577934E-03
+40.8000E-06,+1.1019943554E+00,-3.4571852E-03
+40.9000E-06,+1.1035647071E+00,-3.4560249E-03
+41.0000E-06,+1.1035647071E+00,-3.4529178E-03
+41.1000E-06,+1.1029737688E+00,-3.4558232E-03
+41.2000E-06,+1.1049209688E+00,-3.4581386E-03
+41.3000E-06,+1.1027795312E+00,-3.4648689E-03
+41.4000E-06,+1.1028936994E+00,-3.4586782E-03
+41.5000E-06,+1.1040014708E+00,-3.4623619E-03
+41.6000E-06,+1.1031336062E+00,-3.4670185E-03
+41.7000E-06,+1.1041214242E+00,-3.4639031E-03
+41.8000E-06,+1.1046208452E+00,-3.4678935E-03
+41.9000E-06,+1.1066598640E+00,-3.4725309E-03
+42.0000E-06,+1.1037130965E+00,-3.4844793E-03
+42.1000E-06,+1.1038018720E+00,-3.4850092E-03
+42.2000E-06,+1.1047213701E+00,-3.4901655E-03
+42.3000E-06,+1.1038300066E+00,-3.4894165E-03
+42.4000E-06,+1.1046185273E+00,-3.4972334E-03
+42.5000E-06,+1.1028056494E+00,-3.4898974E-03
+42.6000E-06,+1.1045837030E+00,-3.4992615E-03
+42.7000E-06,+1.1045924091E+00,-3.4941129E-03
+42.8000E-06,+1.1047669167E+00,-3.4975582E-03
+42.9000E-06,+1.1028686082E+00,-3.4953762E-03
+43.0000E-06,+1.1059202348E+00,-3.5021376E-03
+43.1000E-06,+1.1014101068E+00,-3.5033112E-03
+43.2000E-06,+1.1067908413E+00,-3.5039747E-03
+43.3000E-06,+1.1048309873E+00,-3.5138174E-03
+43.4000E-06,+1.1053598714E+00,-3.5179450E-03
+43.5000E-06,+1.1057367196E+00,-3.5175612E-03
+43.6000E-06,+1.1074866387E+00,-3.5233140E-03
+43.7000E-06,+1.1064187512E+00,-3.5232676E-03
+43.8000E-06,+1.1067593619E+00,-3.5154755E-03
+43.9000E-06,+1.1073110193E+00,-3.5233596E-03
+44.0000E-06,+1.1062698530E+00,-3.5273303E-03
+44.1000E-06,+1.1067054107E+00,-3.5301466E-03
+44.2000E-06,+1.1094874884E+00,-3.5280657E-03
+44.3000E-06,+1.1068085549E+00,-3.5264518E-03
+44.4000E-06,+1.1097112833E+00,-3.5229255E-03
+44.5000E-06,+1.1071944107E+00,-3.5318572E-03
+44.6000E-06,+1.1071809465E+00,-3.5308036E-03
+44.7000E-06,+1.1078360496E+00,-3.5428396E-03
+44.8000E-06,+1.1069611937E+00,-3.5453952E-03
+44.9000E-06,+1.1065933531E+00,-3.5540447E-03
+45.0000E-06,+1.1074995941E+00,-3.5532076E-03
+45.1000E-06,+1.1083923709E+00,-3.5627436E-03
+45.2000E-06,+1.1093616650E+00,-3.5455088E-03
+45.3000E-06,+1.1068043998E+00,-3.5798921E-03
+45.4000E-06,+1.1076923242E+00,-3.5851248E-03
+45.5000E-06,+1.1077020290E+00,-3.5741339E-03
+45.6000E-06,+1.1090609383E+00,-3.5859043E-03
+45.7000E-06,+1.1069607980E+00,-3.5857073E-03
+45.8000E-06,+1.1092716835E+00,-3.5923127E-03
+45.9000E-06,+1.1113040126E+00,-3.6036888E-03
+46.0000E-06,+1.1099848930E+00,-3.6123893E-03
+46.1000E-06,+1.1092533669E+00,-3.6165176E-03
+46.2000E-06,+1.1092048711E+00,-3.6177881E-03
+46.3000E-06,+1.1067054107E+00,-3.6260228E-03
+46.4000E-06,+1.1073543611E+00,-3.6272109E-03
+46.5000E-06,+1.1096707021E+00,-3.6298936E-03
+46.6000E-06,+1.1082757624E+00,-3.6303879E-03
+46.7000E-06,+1.1086028146E+00,-3.6330920E-03
+46.8000E-06,+1.1111061287E+00,-3.6321839E-03
+46.9000E-06,+1.1121573012E+00,-3.6278416E-03
+47.0000E-06,+1.1079339457E+00,-3.6091512E-03
+47.1000E-06,+1.1098110827E+00,-3.6130911E-03
+47.2000E-06,+1.1106184289E+00,-3.6099625E-03
+47.3000E-06,+1.1103707489E+00,-3.6069402E-03
+47.4000E-06,+1.1117968664E+00,-3.6041264E-03
+47.5000E-06,+1.1106126719E+00,-3.5975816E-03
+47.6000E-06,+1.1099624212E+00,-3.6038462E-03
+47.7000E-06,+1.1079744327E+00,-3.6103987E-03
+47.8000E-06,+1.1102637509E+00,-3.6087817E-03
+47.9000E-06,+1.1096449796E+00,-3.6092362E-03
+48.0000E-06,+1.1078233957E+00,-3.6075656E-03
+48.1000E-06,+1.1098053257E+00,-3.6058680E-03
+48.2000E-06,+1.1109706005E+00,-3.6081753E-03
+48.3000E-06,+1.1106878889E+00,-3.6095036E-03
+48.4000E-06,+1.1107443465E+00,-3.6083015E-03
+48.5000E-06,+1.1104459659E+00,-3.6002040E-03
+48.6000E-06,+1.1098524742E+00,-3.5989489E-03
+48.7000E-06,+1.1114887339E+00,-3.5997221E-03
+48.8000E-06,+1.1085958517E+00,-3.5932971E-03
+48.9000E-06,+1.1100943972E+00,-3.5860069E-03
+49.0000E-06,+1.1112404508E+00,-3.5843606E-03
+49.1000E-06,+1.1080712170E+00,-3.5798170E-03
+49.2000E-06,+1.1134103527E+00,-3.5832169E-03
+49.3000E-06,+1.1115202133E+00,-3.5792674E-03
+49.4000E-06,+1.1136845184E+00,-3.5784844E-03
+49.5000E-06,+1.1099935991E+00,-3.5828093E-03
+49.6000E-06,+1.1119285409E+00,-3.5872713E-03
+49.7000E-06,+1.1114042078E+00,-3.5850744E-03
+49.8000E-06,+1.1080096244E+00,-3.5888832E-03
+49.9000E-06,+1.1110369701E+00,-3.5934429E-03
+50.0000E-06,+1.1090801595E+00,-3.5955661E-03
+50.1000E-06,+1.1114164660E+00,-3.5959050E-03
+50.2000E-06,+1.1109332228E+00,-3.5930387E-03
+50.3000E-06,+1.1106312901E+00,-3.5944247E-03
+50.4000E-06,+1.1115082566E+00,-3.5970074E-03
+50.5000E-06,+1.1109647022E+00,-3.5936105E-03
+50.6000E-06,+1.1122427319E+00,-3.5919901E-03
+50.7000E-06,+1.1107158162E+00,-3.5957635E-03
+50.8000E-06,+1.1120468925E+00,-3.6022049E-03
+50.9000E-06,+1.1119743231E+00,-3.6033698E-03
+51.0000E-06,+1.1120154131E+00,-3.6030844E-03
+51.1000E-06,+1.1131774372E+00,-3.6106185E-03
+51.2000E-06,+1.1117067435E+00,-3.5997742E-03
+51.3000E-06,+1.1108965236E+00,-3.6198089E-03
+51.4000E-06,+1.1133441433E+00,-3.6171500E-03
+51.5000E-06,+1.1112398478E+00,-3.6211704E-03
+51.6000E-06,+1.1122762559E+00,-3.6320159E-03
+51.7000E-06,+1.1136385101E+00,-3.6365896E-03
+51.8000E-06,+1.1135638961E+00,-3.6350050E-03
+51.9000E-06,+1.1137935609E+00,-3.6321851E-03
+52.0000E-06,+1.1131340011E+00,-3.6307439E-03
+52.1000E-06,+1.1129868178E+00,-3.6357764E-03
+52.2000E-06,+1.1122016419E+00,-3.6372417E-03
+52.3000E-06,+1.1135125925E+00,-3.6423928E-03
+52.4000E-06,+1.1115519942E+00,-3.6447758E-03
+52.5000E-06,+1.1114263781E+00,-3.6434315E-03
+52.6000E-06,+1.1135405857E+00,-3.6410911E-03
+52.7000E-06,+1.1132281378E+00,-3.6480133E-03
+52.8000E-06,+1.1130381213E+00,-3.6529872E-03
+52.9000E-06,+1.1141573124E+00,-3.6512635E-03
+53.0000E-06,+1.1152251998E+00,-3.6508168E-03
+53.1000E-06,+1.1153837369E+00,-3.6541948E-03
+53.2000E-06,+1.1144729449E+00,-3.6569717E-03
+53.3000E-06,+1.1146113563E+00,-3.6631707E-03
+53.4000E-06,+1.1133222745E+00,-3.6624069E-03
+53.5000E-06,+1.1154793152E+00,-3.6674940E-03
+53.6000E-06,+1.1122016419E+00,-3.6678632E-03
+53.7000E-06,+1.1149779909E+00,-3.6651834E-03
+53.8000E-06,+1.1137719936E+00,-3.6674145E-03
+53.9000E-06,+1.1153423454E+00,-3.6765046E-03
+54.0000E-06,+1.1125056192E+00,-3.6746722E-03
+54.1000E-06,+1.1136979827E+00,-3.6738558E-03
+54.2000E-06,+1.1151123790E+00,-3.6707243E-03
+54.3000E-06,+1.1162865954E+00,-3.6712981E-03
+54.4000E-06,+1.1137932594E+00,-3.6743041E-03
+54.5000E-06,+1.1177486396E+00,-3.6643959E-03
+54.6000E-06,+1.1138043116E+00,-3.6681662E-03
+54.7000E-06,+1.1137609415E+00,-3.6646208E-03
+54.8000E-06,+1.1150800611E+00,-3.6651555E-03
+54.9000E-06,+1.1131226474E+00,-3.6600406E-03
+55.0000E-06,+1.1137719936E+00,-3.6631655E-03
+55.1000E-06,+1.1166818922E+00,-3.6564798E-03
+55.2000E-06,+1.1157076044E+00,-3.6586299E-03
+55.3000E-06,+1.1148199909E+00,-3.6617925E-03
+55.4000E-06,+1.1158345961E+00,-3.6607285E-03
+55.5000E-06,+1.1122016419E+00,-3.6689946E-03
+55.6000E-06,+1.1130702038E+00,-3.6732015E-03
+55.7000E-06,+1.1153423454E+00,-3.6676605E-03
+55.8000E-06,+1.1141910720E+00,-3.6635941E-03
+55.9000E-06,+1.1152274800E+00,-3.6637330E-03
+56.0000E-06,+1.1150179408E+00,-3.6582303E-03
+56.1000E-06,+1.1151435569E+00,-3.6574631E-03
+56.2000E-06,+1.1161275213E+00,-3.6578385E-03
+56.3000E-06,+1.1155521201E+00,-3.6619916E-03
+56.4000E-06,+1.1151964717E+00,-3.6616103E-03
+56.5000E-06,+1.1178237247E+00,-3.6547775E-03
+56.6000E-06,+1.1148396455E+00,-3.6568052E-03
+56.7000E-06,+1.1157613578E+00,-3.6554426E-03
+56.8000E-06,+1.1174885695E+00,-3.6616361E-03
+56.9000E-06,+1.1192262963E+00,-3.6601684E-03
+57.0000E-06,+1.1151434910E+00,-3.6571285E-03
+57.1000E-06,+1.1147979525E+00,-3.6585039E-03
+57.2000E-06,+1.1161066230E+00,-3.6527355E-03
+57.3000E-06,+1.1140338069E+00,-3.6462573E-03
+57.4000E-06,+1.1159913901E+00,-3.6485942E-03
+57.5000E-06,+1.1145676846E+00,-3.6408541E-03
+57.6000E-06,+1.1169126972E+00,-3.6449095E-03
+57.7000E-06,+1.1172164390E+00,-3.6446785E-03
+57.8000E-06,+1.1165988737E+00,-3.6427176E-03
+57.9000E-06,+1.1161275213E+00,-3.6381235E-03
+58.0000E-06,+1.1156775666E+00,-3.6338845E-03
+58.1000E-06,+1.1160435323E+00,-3.6344137E-03
+58.2000E-06,+1.1161275213E+00,-3.6282143E-03
+58.3000E-06,+1.1163885336E+00,-3.6341023E-03
+58.4000E-06,+1.1162314382E+00,-3.6284608E-03
+58.5000E-06,+1.1170484609E+00,-3.6305812E-03
+58.6000E-06,+1.1147562595E+00,-3.6335965E-03
+58.7000E-06,+1.1175509252E+00,-3.6342309E-03
+58.8000E-06,+1.1175935887E+00,-3.6498080E-03
+58.9000E-06,+1.1157720048E+00,-3.6166888E-03
+59.0000E-06,+1.1154672925E+00,-3.6483188E-03
+59.1000E-06,+1.1169855021E+00,-3.6667601E-03
+59.2000E-06,+1.1171432666E+00,-3.6578206E-03
+59.3000E-06,+1.1179077797E+00,-3.6548945E-03
+59.4000E-06,+1.1160448702E+00,-3.6571244E-03
+59.5000E-06,+1.1183905517E+00,-3.6750682E-03
+59.6000E-06,+1.1184830490E+00,-3.6786578E-03
+59.7000E-06,+1.1165053400E+00,-3.6845684E-03
+59.8000E-06,+1.1169126972E+00,-3.6874496E-03
+59.9000E-06,+1.1191317921E+00,-3.6866883E-03
+60.0000E-06,+1.1153747953E+00,-3.6903487E-03
+60.1000E-06,+1.1189238265E+00,-3.6992846E-03
+60.2000E-06,+1.1177618023E+00,-3.6987369E-03
+60.3000E-06,+1.1173849541E+00,-3.6993993E-03
+60.4000E-06,+1.1185784576E+00,-3.7006042E-03
+60.5000E-06,+1.1170806093E+00,-3.6984108E-03
+60.6000E-06,+1.1176978731E+00,-3.7034800E-03
+60.7000E-06,+1.1157589457E+00,-3.7059138E-03
+60.8000E-06,+1.1186919851E+00,-3.7064581E-03
+60.9000E-06,+1.1184830490E+00,-3.7061988E-03
+61.0000E-06,+1.1176978731E+00,-3.7095234E-03
+61.1000E-06,+1.1190688333E+00,-3.7189674E-03
+61.2000E-06,+1.1191206740E+00,-3.7206136E-03
+61.3000E-06,+1.1170682192E+00,-3.7119635E-03
+61.4000E-06,+1.1160521724E+00,-3.7244927E-03
+61.5000E-06,+1.1193922674E+00,-3.7278907E-03
+61.6000E-06,+1.1181265620E+00,-3.7268949E-03
+61.7000E-06,+1.1201459639E+00,-3.7290302E-03
+61.8000E-06,+1.1191629700E+00,-3.7363847E-03
+61.9000E-06,+1.1200126782E+00,-3.7377000E-03
+62.0000E-06,+1.1189209810E+00,-3.7444022E-03
+62.1000E-06,+1.1173966753E+00,-3.7469483E-03
+62.2000E-06,+1.1184738058E+00,-3.7499713E-03
+62.3000E-06,+1.1200534007E+00,-3.7573294E-03
+62.4000E-06,+1.1194049591E+00,-3.7592345E-03
+62.5000E-06,+1.1192793430E+00,-3.7629854E-03
+62.6000E-06,+1.1217219407E+00,-3.7710971E-03
+62.7000E-06,+1.1205984626E+00,-3.7714263E-03
+62.8000E-06,+1.1197413863E+00,-3.7716534E-03
+62.9000E-06,+1.1185793622E+00,-3.7774647E-03
+63.0000E-06,+1.1196046521E+00,-3.7787901E-03
+63.1000E-06,+1.1162979114E+00,-3.7817992E-03
+63.2000E-06,+1.1194342619E+00,-3.7903897E-03
+63.3000E-06,+1.1202620354E+00,-3.7910840E-03
+63.4000E-06,+1.1208385766E+00,-3.7964107E-03
+63.5000E-06,+1.1199188430E+00,-3.7976694E-03
+63.6000E-06,+1.1216101563E+00,-3.7970479E-03
+63.7000E-06,+1.1193423018E+00,-3.8040855E-03
+63.8000E-06,+1.1200534007E+00,-3.8064546E-03
+63.9000E-06,+1.1187608045E+00,-3.8028221E-03
+64.0000E-06,+1.1189089583E+00,-3.8031878E-03
+64.1000E-06,+1.1205533870E+00,-3.7988056E-03
+64.2000E-06,+1.1186225627E+00,-3.8058694E-03
+64.3000E-06,+1.1214126398E+00,-3.8113244E-03
+64.4000E-06,+1.1177781121E+00,-3.8115840E-03
+64.5000E-06,+1.1203447524E+00,-3.8159289E-03
+64.6000E-06,+1.1213811604E+00,-3.8165300E-03
+64.7000E-06,+1.1173182453E+00,-3.8121595E-03
+64.8000E-06,+1.1182259562E+00,-3.8121360E-03
+64.9000E-06,+1.1192682248E+00,-3.8130366E-03
+65.0000E-06,+1.1200648204E+00,-3.8152800E-03
+65.1000E-06,+1.1217379489E+00,-3.8175238E-03
+65.2000E-06,+1.1216237525E+00,-3.8190065E-03
+65.3000E-06,+1.1208385766E+00,-3.8306344E-03
+65.4000E-06,+1.1206416631E+00,-3.8287087E-03
+65.5000E-06,+1.1208385766E+00,-3.8254494E-03
+65.6000E-06,+1.1178265702E+00,-3.8260608E-03
+65.7000E-06,+1.1217891866E+00,-3.8264290E-03
+65.8000E-06,+1.1204219104E+00,-3.8226185E-03
+65.9000E-06,+1.1184830490E+00,-3.8187521E-03
+66.0000E-06,+1.1207046219E+00,-3.8098294E-03
+66.1000E-06,+1.1214237580E+00,-3.8027536E-03
+66.2000E-06,+1.1199046438E+00,-3.8055979E-03
+66.3000E-06,+1.1194219378E+00,-3.8066528E-03
+66.4000E-06,+1.1204848692E+00,-3.8110691E-03
+66.5000E-06,+1.1221064586E+00,-3.8064445E-03
+66.6000E-06,+1.1204814866E+00,-3.8039730E-03
+66.7000E-06,+1.1222682086E+00,-3.8083255E-03
+66.8000E-06,+1.1206268609E+00,-3.8041742E-03
+66.9000E-06,+1.1223694119E+00,-3.8050090E-03
+67.0000E-06,+1.1211876295E+00,-3.8074280E-03
+67.1000E-06,+1.1221379380E+00,-3.8026361E-03
+67.2000E-06,+1.1208064282E+00,-3.8030693E-03
+67.3000E-06,+1.1213607992E+00,-3.8008323E-03
+67.4000E-06,+1.1222715911E+00,-3.8028934E-03
+67.5000E-06,+1.1184713278E+00,-3.7993205E-03
+67.6000E-06,+1.1224089284E+00,-3.8040244E-03
+67.7000E-06,+1.1224089284E+00,-3.7978486E-03
+67.8000E-06,+1.1208385766E+00,-3.7925598E-03
+67.9000E-06,+1.1218199970E+00,-3.7934909E-03
+68.0000E-06,+1.1229153783E+00,-3.7956768E-03
+68.1000E-06,+1.1202262029E+00,-3.7973343E-03
+68.2000E-06,+1.1231941043E+00,-3.7975258E-03
+68.3000E-06,+1.1219928652E+00,-3.7923227E-03
+68.4000E-06,+1.1221731674E+00,-3.7969295E-03
+68.5000E-06,+1.1230015438E+00,-3.8038693E-03
+68.6000E-06,+1.1231780960E+00,-3.8115923E-03
+68.7000E-06,+1.1209132566E+00,-3.8142537E-03
+68.8000E-06,+1.1217765609E+00,-3.8345531E-03
+68.9000E-06,+1.1222323762E+00,-3.8285077E-03
+69.0000E-06,+1.1228324257E+00,-3.8325804E-03
+69.1000E-06,+1.1213367539E+00,-3.8376045E-03
+69.2000E-06,+1.1228204030E+00,-3.8445901E-03
+69.3000E-06,+1.1227694669E+00,-3.8449716E-03
+69.4000E-06,+1.1231746475E+00,-3.8422351E-03
+69.5000E-06,+1.1209836494E+00,-3.8417296E-03
+69.6000E-06,+1.1226258357E+00,-3.8455715E-03
+69.7000E-06,+1.1231792361E+00,-3.8510597E-03
+69.8000E-06,+1.1224135170E+00,-3.8471013E-03
+69.9000E-06,+1.1215267703E+00,-3.8538595E-03
+70.0000E-06,+1.1200654234E+00,-3.8489331E-03
+70.1000E-06,+1.1228533240E+00,-3.8454055E-03
+70.2000E-06,+1.1216237525E+00,-3.8490691E-03
+70.3000E-06,+1.1224089284E+00,-3.8482458E-03
+70.4000E-06,+1.1225079552E+00,-3.8485950E-03
+70.5000E-06,+1.1223002251E+00,-3.8575051E-03
+70.6000E-06,+1.1224959325E+00,-3.8613774E-03
+70.7000E-06,+1.1252211758E+00,-3.8635129E-03
+70.8000E-06,+1.1231941043E+00,-3.8639490E-03
+70.9000E-06,+1.1219570987E+00,-3.8673694E-03
+71.0000E-06,+1.1211647902E+00,-3.8735714E-03
+71.1000E-06,+1.1239620659E+00,-3.8840700E-03
+71.2000E-06,+1.1221839840E+00,-3.8827588E-03
+71.3000E-06,+1.1225608323E+00,-3.8836304E-03
+71.4000E-06,+1.1218960808E+00,-3.8771771E-03
+71.5000E-06,+1.1244625892E+00,-3.8811604E-03
+71.6000E-06,+1.1232638941E+00,-3.8838079E-03
+71.7000E-06,+1.1230509724E+00,-3.8836493E-03
+71.8000E-06,+1.1243386126E+00,-3.8813434E-03
+71.9000E-06,+1.1254921662E+00,-3.8731107E-03
+72.0000E-06,+1.1234001949E+00,-3.8792998E-03
+72.1000E-06,+1.1239532939E+00,-3.8815785E-03
+72.2000E-06,+1.1239724491E+00,-3.8782793E-03
+72.3000E-06,+1.1239737870E+00,-3.8737317E-03
+72.4000E-06,+1.1263348078E+00,-3.8725209E-03
+72.5000E-06,+1.1216484008E+00,-3.8737779E-03
+72.6000E-06,+1.1239871476E+00,-3.8506933E-03
+72.7000E-06,+1.1235014642E+00,-3.8587023E-03
+72.8000E-06,+1.1232502320E+00,-3.8773873E-03
+72.9000E-06,+1.1235890713E+00,-3.8653966E-03
+73.0000E-06,+1.1244256167E+00,-3.8724305E-03
+73.1000E-06,+1.1239792801E+00,-3.8758486E-03
+73.2000E-06,+1.1251405694E+00,-3.8741711E-03
+73.3000E-06,+1.1220386097E+00,-3.8725439E-03
+73.4000E-06,+1.1213855794E+00,-3.8767658E-03
+73.5000E-06,+1.1255496319E+00,-3.8750958E-03
+73.6000E-06,+1.1233765830E+00,-3.8713337E-03
+73.7000E-06,+1.1232693872E+00,-3.8726899E-03
+73.8000E-06,+1.1232947705E+00,-3.8720135E-03
+73.9000E-06,+1.1263348078E+00,-3.8673285E-03
+74.0000E-06,+1.1244003654E+00,-3.8659073E-03
+74.1000E-06,+1.1255496319E+00,-3.8666252E-03
+74.2000E-06,+1.1261904699E+00,-3.8604043E-03
+74.3000E-06,+1.1248712184E+00,-3.8582547E-03
+74.4000E-06,+1.1247078949E+00,-3.8581312E-03
+74.5000E-06,+1.1263976347E+00,-3.8545182E-03
+74.6000E-06,+1.1257946360E+00,-3.8537180E-03
+74.7000E-06,+1.1243812102E+00,-3.8488788E-03
+74.8000E-06,+1.1250347115E+00,-3.8453672E-03
+74.9000E-06,+1.1261025990E+00,-3.8426291E-03
+75.0000E-06,+1.1224089284E+00,-3.8424946E-03
+75.1000E-06,+1.1231941043E+00,-3.8370430E-03
+75.2000E-06,+1.1236713172E+00,-3.8358311E-03
+75.3000E-06,+1.1247644560E+00,-3.8379815E-03
+75.4000E-06,+1.1266301450E+00,-3.8341842E-03
+75.5000E-06,+1.1246581648E+00,-3.8351554E-03
+75.6000E-06,+1.1261583875E+00,-3.8306001E-03
+75.7000E-06,+1.1225719504E+00,-3.8357413E-03
+75.8000E-06,+1.1236083584E+00,-3.8256766E-03
+75.9000E-06,+1.1246447665E+00,-3.8276747E-03
+76.0000E-06,+1.1261395338E+00,-3.8267574E-03
+76.1000E-06,+1.1259324067E+00,-3.8231371E-03
+76.2000E-06,+1.1264103923E+00,-3.8166357E-03
+76.3000E-06,+1.1240293118E+00,-3.8144504E-03
+76.4000E-06,+1.1253739842E+00,-3.8170729E-03
+76.5000E-06,+1.1248830715E+00,-3.8159332E-03
+76.6000E-06,+1.1239792801E+00,-3.8177738E-03
+76.7000E-06,+1.1261892639E+00,-3.8229683E-03
+76.8000E-06,+1.1266917282E+00,-3.8249515E-03
+76.9000E-06,+1.1255310797E+00,-3.8222707E-03
+77.0000E-06,+1.1237707774E+00,-3.8254291E-03
+77.1000E-06,+1.1252798475E+00,-3.8253837E-03
+77.2000E-06,+1.1251486064E+00,-3.8239775E-03
+77.3000E-06,+1.1286830333E+00,-3.8227028E-03
+77.4000E-06,+1.1249029993E+00,-3.8188542E-03
+77.5000E-06,+1.1255108504E+00,-3.8253375E-03
+77.6000E-06,+1.1286903355E+00,-3.8205467E-03
+77.7000E-06,+1.1266433737E+00,-3.8182962E-03
+77.8000E-06,+1.1269280640E+00,-3.8169042E-03
+77.9000E-06,+1.1271199837E+00,-3.8196085E-03
+78.0000E-06,+1.1237041723E+00,-3.8241674E-03
+78.1000E-06,+1.1285127091E+00,-3.8230659E-03
+78.2000E-06,+1.1248456655E+00,-3.8316545E-03
+78.3000E-06,+1.1244350577E+00,-3.8246395E-03
+78.4000E-06,+1.1250968977E+00,-3.8312446E-03
+78.5000E-06,+1.1263348078E+00,-3.8313495E-03
+78.6000E-06,+1.1257303016E+00,-3.8304799E-03
+78.7000E-06,+1.1270440977E+00,-3.8478226E-03
+78.8000E-06,+1.1271697138E+00,-3.8288285E-03
+78.9000E-06,+1.1233694504E+00,-3.8199952E-03
+79.0000E-06,+1.1251831292E+00,-3.8317816E-03
+79.1000E-06,+1.1279731404E+00,-3.8371013E-03
+79.2000E-06,+1.1273529652E+00,-3.8413543E-03
+79.3000E-06,+1.1270126183E+00,-3.8313238E-03
+79.4000E-06,+1.1270652316E+00,-3.8350805E-03
+79.5000E-06,+1.1271199837E+00,-3.8403476E-03
+79.6000E-06,+1.1278818869E+00,-3.8365405E-03
+79.7000E-06,+1.1263348078E+00,-3.8400971E-03
+79.8000E-06,+1.1260785536E+00,-3.8430382E-03
+79.9000E-06,+1.1263348078E+00,-3.8505195E-03
+80.0000E-06,+1.1248041421E+00,-3.8417699E-03
+80.1000E-06,+1.1272323711E+00,-3.8477387E-03
+80.2000E-06,+1.1273579872E+00,-3.8520159E-03
+80.3000E-06,+1.1280210332E+00,-3.8543233E-03
+80.4000E-06,+1.1261415124E+00,-3.8643227E-03
+80.5000E-06,+1.1271199837E+00,-3.8699901E-03
+80.6000E-06,+1.1258178805E+00,-3.8714137E-03
+80.7000E-06,+1.1285285195E+00,-3.8785124E-03
+80.8000E-06,+1.1263348078E+00,-3.8866471E-03
+80.9000E-06,+1.1283581953E+00,-3.8957902E-03
+81.0000E-06,+1.1257467150E+00,-3.9017258E-03
+81.1000E-06,+1.1282867283E+00,-3.9052908E-03
+81.2000E-06,+1.1299559373E+00,-3.9100750E-03
+81.3000E-06,+1.1249127418E+00,-3.9190786E-03
+81.4000E-06,+1.1279952070E+00,-3.9248720E-03
+81.5000E-06,+1.1268193229E+00,-3.9257553E-03
+81.6000E-06,+1.1272547393E+00,-3.9270575E-03
+81.7000E-06,+1.1298794483E+00,-3.9300962E-03
+81.8000E-06,+1.1270123168E+00,-3.9382711E-03
+81.9000E-06,+1.1278154136E+00,-3.9472132E-03
+82.0000E-06,+1.1293319461E+00,-3.9539713E-03
+82.1000E-06,+1.1273444287E+00,-3.9589400E-03
+82.2000E-06,+1.1275147811E+00,-3.9625794E-03
+82.3000E-06,+1.1258235055E+00,-3.9640284E-03
+82.4000E-06,+1.1270305392E+00,-3.9657291E-03
+82.5000E-06,+1.1255631621E+00,-3.9785068E-03
+82.6000E-06,+1.1283540778E+00,-3.9811982E-03
+82.7000E-06,+1.1292378094E+00,-3.9818248E-03
+82.8000E-06,+1.1274833017E+00,-3.9822664E-03
+82.9000E-06,+1.1280087090E+00,-3.9832772E-03
+83.0000E-06,+1.1296461370E+00,-3.9900811E-03
+83.1000E-06,+1.1287803547E+00,-3.9831991E-03
+83.2000E-06,+1.1284485160E+00,-3.9823046E-03
+83.3000E-06,+1.1282778903E+00,-3.9773731E-03
+83.4000E-06,+1.1282369982E+00,-3.9832988E-03
+83.5000E-06,+1.1277071720E+00,-3.9815784E-03
+83.6000E-06,+1.1270967393E+00,-3.9788168E-03
+83.7000E-06,+1.1301077092E+00,-3.9724361E-03
+83.8000E-06,+1.1272182379E+00,-3.9753475E-03
+83.9000E-06,+1.1270337805E+00,-3.9797093E-03
+84.0000E-06,+1.1280210614E+00,-3.9799914E-03
+84.1000E-06,+1.1288238850E+00,-3.9769806E-03
+84.2000E-06,+1.1284567510E+00,-3.9744107E-03
+84.3000E-06,+1.1300447504E+00,-3.9674113E-03
+84.4000E-06,+1.1286373924E+00,-3.9729375E-03
+84.5000E-06,+1.1271199837E+00,-3.9707123E-03
+84.6000E-06,+1.1292066315E+00,-3.9670744E-03
+84.7000E-06,+1.1271161677E+00,-3.9631125E-03
+84.8000E-06,+1.1273950633E+00,-3.9650710E-03
+84.9000E-06,+1.1289692311E+00,-3.9660127E-03
+85.0000E-06,+1.1310043680E+00,-3.9683356E-03
+85.1000E-06,+1.1301489029E+00,-3.9578227E-03
+85.2000E-06,+1.1282155346E+00,-3.9612782E-03
+85.3000E-06,+1.1291716376E+00,-3.9527966E-03
+85.4000E-06,+1.1283937922E+00,-3.9535473E-03
+85.5000E-06,+1.1280760868E+00,-3.9525133E-03
+85.6000E-06,+1.1280864040E+00,-3.9556113E-03
+85.7000E-06,+1.1295558163E+00,-3.9425637E-03
+85.8000E-06,+1.1288962565E+00,-3.9458939E-03
+85.9000E-06,+1.1279924935E+00,-3.9448298E-03
+86.0000E-06,+1.1272491142E+00,-3.9444440E-03
+86.1000E-06,+1.1296534675E+00,-3.9414611E-03
+86.2000E-06,+1.1308154916E+00,-3.9384312E-03
+86.3000E-06,+1.1324209126E+00,-3.9421386E-03
+86.4000E-06,+1.1285158938E+00,-3.9204919E-03
+86.5000E-06,+1.1283202146E+00,-3.9302292E-03
+86.6000E-06,+1.1307525328E+00,-3.9187846E-03
+86.7000E-06,+1.1285399674E+00,-3.9091231E-03
+86.8000E-06,+1.1301524173E+00,-3.9119482E-03
+86.9000E-06,+1.1302086487E+00,-3.9206415E-03
+87.0000E-06,+1.1304036495E+00,-3.9074187E-03
+87.1000E-06,+1.1307361665E+00,-3.9088185E-03
+87.2000E-06,+1.1275077522E+00,-3.9085565E-03
+87.3000E-06,+1.1276507145E+00,-3.9090404E-03
+87.4000E-06,+1.1291095834E+00,-3.9158125E-03
+87.5000E-06,+1.1286903355E+00,-3.9119651E-03
+87.6000E-06,+1.1283510910E+00,-3.9096073E-03
+87.7000E-06,+1.1275203025E+00,-3.9110376E-03
+87.8000E-06,+1.1292322880E+00,-3.9097268E-03
+87.9000E-06,+1.1305575320E+00,-3.9141061E-03
+88.0000E-06,+1.1290327929E+00,-3.9077399E-03
+88.1000E-06,+1.1250381318E+00,-3.8969626E-03
+88.2000E-06,+1.1289303458E+00,-3.9096688E-03
+88.3000E-06,+1.1292698918E+00,-3.9075079E-03
+88.4000E-06,+1.1302606872E+00,-3.8976984E-03
+88.5000E-06,+1.1302606872E+00,-3.8954873E-03
+88.6000E-06,+1.1318053825E+00,-3.8994042E-03
+88.7000E-06,+1.1314455789E+00,-3.8922798E-03
+88.8000E-06,+1.1286418114E+00,-3.9030789E-03
+88.9000E-06,+1.1311313880E+00,-3.8999031E-03
+89.0000E-06,+1.1298893604E+00,-3.8988969E-03
+89.1000E-06,+1.1291157078E+00,-3.9058811E-03
+89.2000E-06,+1.1297096988E+00,-3.9065115E-03
+89.3000E-06,+1.1308287203E+00,-3.9057368E-03
+89.4000E-06,+1.1310288185E+00,-3.9105555E-03
+89.5000E-06,+1.1297608328E+00,-3.9093577E-03
+89.6000E-06,+1.1305093095E+00,-3.9030545E-03
+89.7000E-06,+1.1310432532E+00,-3.9053290E-03
+89.8000E-06,+1.1318310390E+00,-3.9115928E-03
+89.9000E-06,+1.1297556130E+00,-3.9155648E-03
+90.0000E-06,+1.1302895567E+00,-3.9123301E-03
+90.1000E-06,+1.1294755113E+00,-3.9071228E-03
+90.2000E-06,+1.1329277959E+00,-3.9063624E-03
+90.3000E-06,+1.1294755113E+00,-3.9098626E-03
+90.4000E-06,+1.1302606872E+00,-3.9117203E-03
+90.5000E-06,+1.1315604537E+00,-3.9114522E-03
+90.6000E-06,+1.1310917772E+00,-3.9191367E-03
+90.7000E-06,+1.1317513371E+00,-3.9193029E-03
+90.8000E-06,+1.1281465739E+00,-3.9191592E-03
+90.9000E-06,+1.1305916213E+00,-3.9210900E-03
+91.0000E-06,+1.1310458631E+00,-3.9244084E-03
+91.1000E-06,+1.1310458631E+00,-3.9292434E-03
+91.2000E-06,+1.1297850855E+00,-3.9318747E-03
+91.3000E-06,+1.1288832257E+00,-3.9362653E-03
+91.4000E-06,+1.1295595286E+00,-3.9375931E-03
+91.5000E-06,+1.1314585061E+00,-3.9395009E-03
+91.6000E-06,+1.1291154063E+00,-3.9423789E-03
+91.7000E-06,+1.1335648085E+00,-3.9443013E-03
+91.8000E-06,+1.1322895961E+00,-3.9439725E-03
+91.9000E-06,+1.1302774304E+00,-3.9457288E-03
+92.0000E-06,+1.1320467779E+00,-3.9444167E-03
+92.1000E-06,+1.1331334155E+00,-3.9522790E-03
+92.2000E-06,+1.1330077994E+00,-3.9528435E-03
+92.3000E-06,+1.1302734166E+00,-3.9501068E-03
+92.4000E-06,+1.1315503344E+00,-3.9678388E-03
+92.5000E-06,+1.1341570942E+00,-3.9507676E-03
+92.6000E-06,+1.1303715671E+00,-3.9519798E-03
+92.7000E-06,+1.1307336791E+00,-3.9702978E-03
+92.8000E-06,+1.1319529428E+00,-3.9702617E-03
+92.9000E-06,+1.1314504784E+00,-3.9690742E-03
+93.0000E-06,+1.1312176948E+00,-3.9677602E-03
+93.1000E-06,+1.1326624305E+00,-3.9581636E-03
+93.2000E-06,+1.1326162149E+00,-3.9714395E-03
+93.3000E-06,+1.1302955774E+00,-3.9720809E-03
+93.4000E-06,+1.1315832177E+00,-3.9725541E-03
+93.5000E-06,+1.1327435364E+00,-3.9690742E-03
+93.6000E-06,+1.1325881463E+00,-3.9748932E-03
+93.7000E-06,+1.1302606872E+00,-3.9756868E-03
+93.8000E-06,+1.1311417052E+00,-3.9819336E-03
+93.9000E-06,+1.1303431970E+00,-3.9886497E-03
+94.0000E-06,+1.1312327326E+00,-3.9913682E-03
+94.1000E-06,+1.1321914456E+00,-3.9923045E-03
+94.2000E-06,+1.1307302683E+00,-3.9967521E-03
+94.3000E-06,+1.1326162149E+00,-3.9979290E-03
+94.4000E-06,+1.1349224176E+00,-4.0000902E-03
+94.5000E-06,+1.1339024512E+00,-4.0128751E-03
+94.6000E-06,+1.1325983693E+00,-4.0104992E-03
+94.7000E-06,+1.1333985830E+00,-4.0161292E-03
+94.8000E-06,+1.1333877569E+00,-4.0140546E-03
+94.9000E-06,+1.1332607369E+00,-4.0169903E-03
+95.0000E-06,+1.1342016044E+00,-4.0205539E-03
+95.1000E-06,+1.1323950582E+00,-4.0286704E-03
+95.2000E-06,+1.1331651964E+00,-4.0335265E-03
+95.3000E-06,+1.1327393247E+00,-4.0359664E-03
+95.4000E-06,+1.1341865667E+00,-4.0420925E-03
+95.5000E-06,+1.1332292575E+00,-4.0422364E-03
+95.6000E-06,+1.1341400495E+00,-4.0451883E-03
+95.7000E-06,+1.1327744128E+00,-4.0443066E-03
+95.8000E-06,+1.1331966758E+00,-4.0426322E-03
+95.9000E-06,+1.1326162149E+00,-4.0400131E-03
+96.0000E-06,+1.1330721621E+00,-4.0380314E-03
+96.1000E-06,+1.1328198275E+00,-4.0382697E-03
+96.2000E-06,+1.1339525770E+00,-4.0398044E-03
+96.3000E-06,+1.1319262781E+00,-4.0467203E-03
+96.4000E-06,+1.1368075633E+00,-4.0419874E-03
+96.5000E-06,+1.1316435665E+00,-4.0446117E-03
+96.6000E-06,+1.1329769230E+00,-4.0452468E-03
+96.7000E-06,+1.1342664665E+00,-4.0512271E-03
+96.8000E-06,+1.1332919148E+00,-4.0557992E-03
+96.9000E-06,+1.1333529704E+00,-4.0570050E-03
+97.0000E-06,+1.1334013908E+00,-4.0603700E-03
+97.1000E-06,+1.1351882918E+00,-4.0627500E-03
+97.2000E-06,+1.1334005899E+00,-4.0644132E-03
+97.3000E-06,+1.1352528523E+00,-4.0641764E-03
+97.4000E-06,+1.1323343042E+00,-4.0661052E-03
+97.5000E-06,+1.1326008756E+00,-4.0732300E-03
+97.6000E-06,+1.1321751076E+00,-4.0725499E-03
+97.7000E-06,+1.1327746106E+00,-4.0747312E-03
+97.8000E-06,+1.1321925480E+00,-4.0742927E-03
+97.9000E-06,+1.1334013908E+00,-4.0682293E-03
+98.0000E-06,+1.1347993078E+00,-4.0690945E-03
+98.1000E-06,+1.1334482094E+00,-4.0708153E-03
+98.2000E-06,+1.1297907011E+00,-4.0785138E-03
+98.3000E-06,+1.1336382824E+00,-4.0814170E-03
+98.4000E-06,+1.1320812724E+00,-4.0852842E-03
+98.5000E-06,+1.1335275062E+00,-4.0805485E-03
+98.6000E-06,+1.1331974766E+00,-4.0797267E-03
+98.7000E-06,+1.1319093371E+00,-4.0860743E-03
+98.8000E-06,+1.1328054870E+00,-4.0796342E-03
+98.9000E-06,+1.1338406984E+00,-4.0792659E-03
+99.0000E-06,+1.1332133153E+00,-4.0820357E-03
+99.1000E-06,+1.1340150270E+00,-4.0808260E-03
+99.2000E-06,+1.1342655620E+00,-4.0884281E-03
+99.3000E-06,+1.1338572343E+00,-4.0856989E-03
+99.4000E-06,+1.1349559039E+00,-4.0758117E-03
+99.5000E-06,+1.1341865667E+00,-4.0762408E-03
+99.6000E-06,+1.1341865667E+00,-4.0797107E-03
+99.7000E-06,+1.1330085060E+00,-4.0781565E-03
+99.8000E-06,+1.1341711238E+00,-4.0746553E-03
+99.9000E-06,+1.1326162149E+00,-4.0671955E-03
+100.0000E-06,+1.1334326723E+00,-4.0629759E-03
+100.1000E-06,+1.1313757891E+00,-4.0682391E-03
+100.2000E-06,+1.1334013908E+00,-4.0689074E-03
+100.3000E-06,+1.1334641517E+00,-4.0574283E-03
+100.4000E-06,+1.1334013908E+00,-4.0425912E-03
+100.5000E-06,+1.1317368081E+00,-4.0390860E-03
+100.6000E-06,+1.1310929833E+00,-4.0372268E-03
+100.7000E-06,+1.1335583826E+00,-4.0472832E-03
+100.8000E-06,+1.1330244389E+00,-4.0422170E-03
+100.9000E-06,+1.1320350474E+00,-4.0408413E-03
+101.0000E-06,+1.1315012073E+00,-4.0375613E-03
+101.1000E-06,+1.1331971751E+00,-4.0386300E-03
+101.2000E-06,+1.1341079671E+00,-4.0329766E-03
+101.3000E-06,+1.1350187591E+00,-4.0265971E-03
+101.4000E-06,+1.1312964828E+00,-4.0327865E-03
+101.5000E-06,+1.1336996395E+00,-4.0329497E-03
+101.6000E-06,+1.1330400797E+00,-4.0267934E-03
+101.7000E-06,+1.1342646574E+00,-4.0255788E-03
+101.8000E-06,+1.1350818215E+00,-4.0115705E-03
+101.9000E-06,+1.1334324650E+00,-4.0091293E-03
+102.0000E-06,+1.1334013908E+00,-4.0152206E-03
+102.1000E-06,+1.1326010829E+00,-4.0040127E-03
+102.2000E-06,+1.1337929658E+00,-3.9972829E-03
+102.3000E-06,+1.1349880900E+00,-3.9954577E-03
+102.4000E-06,+1.1328993316E+00,-3.9944619E-03
+102.5000E-06,+1.1334013908E+00,-3.9859703E-03
+102.6000E-06,+1.1342962405E+00,-3.9884235E-03
+102.7000E-06,+1.1341865667E+00,-3.9820651E-03
+102.8000E-06,+1.1331038488E+00,-3.9740481E-03
+102.9000E-06,+1.1348946600E+00,-3.9690526E-03
+103.0000E-06,+1.1337474663E+00,-3.9701642E-03
+103.1000E-06,+1.1334962341E+00,-3.9675414E-03
+103.2000E-06,+1.1327726037E+00,-3.9617158E-03
+103.3000E-06,+1.1349717425E+00,-3.9629968E-03
+103.4000E-06,+1.1323635694E+00,-3.9643222E-03
+103.5000E-06,+1.1327411243E+00,-3.9631834E-03
+103.6000E-06,+1.1333684981E+00,-3.9569859E-03
+103.7000E-06,+1.1326162149E+00,-3.9614596E-03
+103.8000E-06,+1.1321113291E+00,-3.9549510E-03
+103.9000E-06,+1.1329608771E+00,-3.9519535E-03
+104.0000E-06,+1.1327248805E+00,-3.9541533E-03
+104.1000E-06,+1.1334633414E+00,-3.9538877E-03
+104.2000E-06,+1.1330882080E+00,-3.9545807E-03
+104.3000E-06,+1.1361005724E+00,-3.9512157E-03
+104.4000E-06,+1.1349565069E+00,-3.9556811E-03
+104.5000E-06,+1.1348308909E+00,-3.9461707E-03
+104.6000E-06,+1.1334013908E+00,-3.9442522E-03
+104.7000E-06,+1.1330082987E+00,-3.9455459E-03
+104.8000E-06,+1.1326334668E+00,-3.9438689E-03
+104.9000E-06,+1.1335432506E+00,-3.9435548E-03
+105.0000E-06,+1.1364446316E+00,-3.9432534E-03
+105.1000E-06,+1.1349717425E+00,-3.9417607E-03
+105.2000E-06,+1.1361523283E+00,-3.9389717E-03
+105.3000E-06,+1.1345471711E+00,-3.9379414E-03
+105.4000E-06,+1.1338120363E+00,-3.9438453E-03
+105.5000E-06,+1.1334829112E+00,-3.9476744E-03
+105.6000E-06,+1.1327593844E+00,-3.9503852E-03
+105.7000E-06,+1.1319089319E+00,-3.9439474E-03
+105.8000E-06,+1.1336048998E+00,-3.9537909E-03
+105.9000E-06,+1.1334766643E+00,-3.9534158E-03
+106.0000E-06,+1.1334013908E+00,-3.9596858E-03
+106.1000E-06,+1.1341524679E+00,-3.9584816E-03
+106.2000E-06,+1.1328538226E+00,-3.9651227E-03
+106.3000E-06,+1.1350181560E+00,-3.9586178E-03
+106.4000E-06,+1.1327882445E+00,-3.9723041E-03
+106.5000E-06,+1.1349717425E+00,-3.9729243E-03
+106.6000E-06,+1.1338246525E+00,-3.9810976E-03
+106.7000E-06,+1.1344991464E+00,-3.9777863E-03
+106.8000E-06,+1.1341865667E+00,-3.9777445E-03
+106.9000E-06,+1.1342164349E+00,-3.9734527E-03
+107.0000E-06,+1.1341865667E+00,-3.9678634E-03
+107.1000E-06,+1.1341865667E+00,-3.9758838E-03
+107.2000E-06,+1.1345815714E+00,-3.9794535E-03
+107.3000E-06,+1.1336691682E+00,-3.9798632E-03
+107.4000E-06,+1.1357569184E+00,-3.9806795E-03
+107.5000E-06,+1.1334344814E+00,-3.9910548E-03
+107.6000E-06,+1.1355387769E+00,-3.9953812E-03
+107.7000E-06,+1.1366232096E+00,-4.0049994E-03
+107.8000E-06,+1.1350363125E+00,-4.0037775E-03
+107.9000E-06,+1.1353835941E+00,-4.0095178E-03
+108.0000E-06,+1.1347981018E+00,-4.0164582E-03
+108.1000E-06,+1.1329523877E+00,-4.0195184E-03
+108.2000E-06,+1.1343417494E+00,-4.0184073E-03
+108.3000E-06,+1.1336322523E+00,-4.0248385E-03
+108.4000E-06,+1.1353005661E+00,-4.0252623E-03
+108.5000E-06,+1.1343102700E+00,-4.0251360E-03
+108.6000E-06,+1.1345615022E+00,-4.0232421E-03
+108.7000E-06,+1.1356774143E+00,-4.0265971E-03
+108.8000E-06,+1.1350178545E+00,-4.0379197E-03
+108.9000E-06,+1.1340148386E+00,-4.0310309E-03
+109.0000E-06,+1.1335082474E+00,-4.0367660E-03
+109.1000E-06,+1.1347310161E+00,-4.0378334E-03
+109.2000E-06,+1.1355203189E+00,-4.0463390E-03
+109.3000E-06,+1.1321639895E+00,-4.0400157E-03
+109.4000E-06,+1.1365128291E+00,-4.0439315E-03
+109.5000E-06,+1.1357006023E+00,-4.0444331E-03
+109.6000E-06,+1.1339207019E+00,-4.0504203E-03
+109.7000E-06,+1.1345824759E+00,-4.0543764E-03
+109.8000E-06,+1.1357569184E+00,-4.0598099E-03
+109.9000E-06,+1.1366845572E+00,-4.0567711E-03
+110.0000E-06,+1.1335024716E+00,-4.0647107E-03
+110.1000E-06,+1.1376535780E+00,-4.0691231E-03
+110.2000E-06,+1.1349717425E+00,-4.0707476E-03
+110.3000E-06,+1.1355272630E+00,-4.0786920E-03
+110.4000E-06,+1.1338144483E+00,-4.0759195E-03
+110.5000E-06,+1.1342711022E+00,-4.0732545E-03
+110.6000E-06,+1.1342348929E+00,-4.0698119E-03
+110.7000E-06,+1.1363102247E+00,-4.0773859E-03
+110.8000E-06,+1.1347688366E+00,-4.0791374E-03
+110.9000E-06,+1.1349158692E+00,-4.0750400E-03
+111.0000E-06,+1.1367882951E+00,-4.0763535E-03
+111.1000E-06,+1.1347663209E+00,-4.0812551E-03
+111.2000E-06,+1.1371676590E+00,-4.0817337E-03
+111.3000E-06,+1.1328452673E+00,-4.0729546E-03
+111.4000E-06,+1.1361992412E+00,-4.0808658E-03
+111.5000E-06,+1.1341865667E+00,-4.0816365E-03
+111.6000E-06,+1.1366022359E+00,-4.0841598E-03
+111.7000E-06,+1.1363796659E+00,-4.0851878E-03
+111.8000E-06,+1.1351943125E+00,-4.0806764E-03
+111.9000E-06,+1.1365134321E+00,-4.0862643E-03
+112.0000E-06,+1.1367674815E+00,-4.0854967E-03
+112.1000E-06,+1.1370501931E+00,-4.0847795E-03
+112.2000E-06,+1.1353629219E+00,-4.0838822E-03
+112.3000E-06,+1.1365620599E+00,-4.0831638E-03
+112.4000E-06,+1.1354000357E+00,-4.0900910E-03
+112.5000E-06,+1.1349202976E+00,-4.0905854E-03
+112.6000E-06,+1.1348632748E+00,-4.0874389E-03
+112.7000E-06,+1.1367079430E+00,-4.0882583E-03
+112.8000E-06,+1.1373930462E+00,-4.0919894E-03
+112.9000E-06,+1.1348573388E+00,-4.0962501E-03
+113.0000E-06,+1.1343608105E+00,-4.0995480E-03
+113.1000E-06,+1.1357569184E+00,-4.0995575E-03
+113.2000E-06,+1.1322159809E+00,-4.1057729E-03
+113.3000E-06,+1.1359595229E+00,-4.1074511E-03
+113.4000E-06,+1.1362138738E+00,-4.1087434E-03
+113.5000E-06,+1.1363332524E+00,-4.1060468E-03
+113.6000E-06,+1.1373272702E+00,-4.1061052E-03
+113.7000E-06,+1.1374073773E+00,-4.1065379E-03
+113.8000E-06,+1.1381579551E+00,-4.0937350E-03
+113.9000E-06,+1.1365420943E+00,-4.1137772E-03
+114.0000E-06,+1.1364554482E+00,-4.1143932E-03
+114.1000E-06,+1.1349717425E+00,-4.1006254E-03
+114.2000E-06,+1.1376380409E+00,-4.0989520E-03
+114.3000E-06,+1.1340749802E+00,-4.0928276E-03
+114.4000E-06,+1.1349436834E+00,-4.1012546E-03
+114.5000E-06,+1.1349717425E+00,-4.1032467E-03
+114.6000E-06,+1.1341759573E+00,-4.1053999E-03
+114.7000E-06,+1.1361477963E+00,-4.1051568E-03
+114.8000E-06,+1.1367899062E+00,-4.1095765E-03
+114.9000E-06,+1.1360430502E+00,-4.1153165E-03
+115.0000E-06,+1.1365071947E+00,-4.1128995E-03
+115.1000E-06,+1.1378961136E+00,-4.1088215E-03
+115.2000E-06,+1.1389814508E+00,-4.1087747E-03
+115.3000E-06,+1.1349717425E+00,-4.1077266E-03
+115.4000E-06,+1.1373272702E+00,-4.1014345E-03
+115.5000E-06,+1.1368911849E+00,-4.0989200E-03
+115.6000E-06,+1.1365910235E+00,-4.0965211E-03
+115.7000E-06,+1.1344166273E+00,-4.0919411E-03
+115.8000E-06,+1.1357569184E+00,-4.0907733E-03
+115.9000E-06,+1.1371286890E+00,-4.0847103E-03
+116.0000E-06,+1.1358788128E+00,-4.0856804E-03
+116.1000E-06,+1.1355508937E+00,-4.0821747E-03
+116.2000E-06,+1.1359177357E+00,-4.0749428E-03
+116.3000E-06,+1.1342769816E+00,-4.0718150E-03
+116.4000E-06,+1.1349717425E+00,-4.0656685E-03
+116.5000E-06,+1.1349717425E+00,-4.0730207E-03
+116.6000E-06,+1.1349128070E+00,-4.0710191E-03
+116.7000E-06,+1.1352819102E+00,-4.0702114E-03
+116.8000E-06,+1.1364302063E+00,-4.0632384E-03
+116.9000E-06,+1.1380849899E+00,-4.0646596E-03
+117.0000E-06,+1.1357569184E+00,-4.0596718E-03
+117.1000E-06,+1.1357569184E+00,-4.0605743E-03
+117.2000E-06,+1.1353743886E+00,-4.0594845E-03
+117.3000E-06,+1.1373490448E+00,-4.0573478E-03
+117.4000E-06,+1.1351151100E+00,-4.0556634E-03
+117.5000E-06,+1.1357391671E+00,-4.0596617E-03
+117.6000E-06,+1.1348638778E+00,-4.0583138E-03
+117.7000E-06,+1.1353746901E+00,-4.0590320E-03
+117.8000E-06,+1.1371021374E+00,-4.0565622E-03
+117.9000E-06,+1.1362416314E+00,-4.0548670E-03
+118.0000E-06,+1.1364563057E+00,-4.0568511E-03
+118.1000E-06,+1.1365420943E+00,-4.0605374E-03
+118.2000E-06,+1.1389740073E+00,-4.0562326E-03
+118.3000E-06,+1.1361609213E+00,-4.0546591E-03
+118.4000E-06,+1.1365420943E+00,-4.0495884E-03
+118.5000E-06,+1.1346398003E+00,-4.0538440E-03
+118.6000E-06,+1.1371209440E+00,-4.0572970E-03
+118.7000E-06,+1.1345094072E+00,-4.0557195E-03
+118.8000E-06,+1.1351513664E+00,-4.0564586E-03
+118.9000E-06,+1.1371567482E+00,-4.0540974E-03
+119.0000E-06,+1.1370311321E+00,-4.0517125E-03
+119.1000E-06,+1.1366587594E+00,-4.0463330E-03
+119.2000E-06,+1.1392071867E+00,-4.0443688E-03
+119.3000E-06,+1.1354205006E+00,-4.0450893E-03
+119.4000E-06,+1.1380318867E+00,-4.0459991E-03
+119.5000E-06,+1.1360350037E+00,-4.0472188E-03
+119.6000E-06,+1.1357569184E+00,-4.0473880E-03
+119.7000E-06,+1.1361564458E+00,-4.0446884E-03
+119.8000E-06,+1.1339853190E+00,-4.0413693E-03
+119.9000E-06,+1.1365420943E+00,-4.0482449E-03
+120.0000E-06,+1.1357749713E+00,-4.0416358E-03
+120.1000E-06,+1.1371121437E+00,-4.0451187E-03
+120.2000E-06,+1.1370940909E+00,-4.0548266E-03
+120.3000E-06,+1.1386739967E+00,-4.0552563E-03
+120.4000E-06,+1.1358740357E+00,-4.0518713E-03
+120.5000E-06,+1.1356723358E+00,-4.0510593E-03
+120.6000E-06,+1.1358064507E+00,-4.0492788E-03
+120.7000E-06,+1.1381885299E+00,-4.0489886E-03
+120.8000E-06,+1.1355768423E+00,-4.0474826E-03
+120.9000E-06,+1.1381786744E+00,-4.0523882E-03
+121.0000E-06,+1.1364512271E+00,-4.0500048E-03
+121.1000E-06,+1.1371206425E+00,-4.0500305E-03
+121.2000E-06,+1.1351337658E+00,-4.0522892E-03
+121.3000E-06,+1.1373718747E+00,-4.0546154E-03
+121.4000E-06,+1.1357569184E+00,-4.0583381E-03
+121.5000E-06,+1.1380212774E+00,-4.0563035E-03
+121.6000E-06,+1.1364843648E+00,-4.0583838E-03
+121.7000E-06,+1.1378743390E+00,-4.0615555E-03
+121.8000E-06,+1.1359819005E+00,-4.0615111E-03
+121.9000E-06,+1.1373141452E+00,-4.0633767E-03
+122.0000E-06,+1.1370497879E+00,-4.0673664E-03
+122.1000E-06,+1.1378401931E+00,-4.0749596E-03
+122.2000E-06,+1.1361521210E+00,-4.0729784E-03
+122.3000E-06,+1.1360500886E+00,-4.0745263E-03
+122.4000E-06,+1.1388322982E+00,-4.0791562E-03
+122.5000E-06,+1.1381491548E+00,-4.0797957E-03
+122.6000E-06,+1.1372200085E+00,-4.0848025E-03
+122.7000E-06,+1.1392170422E+00,-4.0885833E-03
+122.8000E-06,+1.1363199766E+00,-4.0871487E-03
+122.9000E-06,+1.1357569184E+00,-4.0903083E-03
+123.0000E-06,+1.1351471924E+00,-4.0947389E-03
+123.1000E-06,+1.1358067522E+00,-4.0978854E-03
+123.2000E-06,+1.1357569184E+00,-4.0902978E-03
+123.3000E-06,+1.1377300670E+00,-4.0945523E-03
+123.4000E-06,+1.1373272702E+00,-4.0985594E-03
+123.5000E-06,+1.1379923608E+00,-4.1002078E-03
+123.6000E-06,+1.1371203410E+00,-4.1036313E-03
+123.7000E-06,+1.1398987818E+00,-4.1071540E-03
+123.8000E-06,+1.1359341302E+00,-4.1076878E-03
+123.9000E-06,+1.1388976220E+00,-4.1138444E-03
+124.0000E-06,+1.1381124461E+00,-4.1082242E-03
+124.1000E-06,+1.1366563473E+00,-4.1148739E-03
+124.2000E-06,+1.1370888616E+00,-4.1241760E-03
+124.3000E-06,+1.1373272702E+00,-4.1275539E-03
+124.4000E-06,+1.1404038560E+00,-4.1259874E-03
+124.5000E-06,+1.1389905997E+00,-4.1319546E-03
+124.6000E-06,+1.1373272702E+00,-4.1318848E-03
+124.7000E-06,+1.1385079502E+00,-4.1321811E-03
+124.8000E-06,+1.1339411668E+00,-4.1345270E-03
+124.9000E-06,+1.1356126465E+00,-4.1376788E-03
+125.0000E-06,+1.1365047826E+00,-4.1375343E-03
+125.1000E-06,+1.1388976220E+00,-4.1321896E-03
+125.2000E-06,+1.1384324694E+00,-4.1407613E-03
+125.3000E-06,+1.1374648524E+00,-4.1370944E-03
+125.4000E-06,+1.1385962546E+00,-4.1403296E-03
+125.5000E-06,+1.1376787729E+00,-4.1419432E-03
+125.6000E-06,+1.1360075947E+00,-4.1439806E-03
+125.7000E-06,+1.1374027510E+00,-4.1395783E-03
+125.8000E-06,+1.1385146399E+00,-4.1346106E-03
+125.9000E-06,+1.1362785945E+00,-4.1337595E-03
+126.0000E-06,+1.1372333879E+00,-4.1346890E-03
+126.1000E-06,+1.1363348636E+00,-4.1329681E-03
+126.2000E-06,+1.1378676021E+00,-4.1323723E-03
+126.3000E-06,+1.1405119752E+00,-4.1331803E-03
+126.4000E-06,+1.1392368570E+00,-4.1373274E-03
+126.5000E-06,+1.1385082046E+00,-4.1343210E-03
+126.6000E-06,+1.1380559226E+00,-4.1323498E-03
+126.7000E-06,+1.1384892472E+00,-4.1333097E-03
+126.8000E-06,+1.1393435157E+00,-4.1288826E-03
+126.9000E-06,+1.1404178856E+00,-4.1268473E-03
+127.0000E-06,+1.1397772832E+00,-4.1244963E-03
+127.1000E-06,+1.1378486919E+00,-4.1269724E-03
+127.2000E-06,+1.1388783160E+00,-4.1256717E-03
+127.3000E-06,+1.1381378388E+00,-4.1234684E-03
+127.4000E-06,+1.1369758146E+00,-4.1246806E-03
+127.5000E-06,+1.1412531496E+00,-4.0869494E-03
+127.6000E-06,+1.1362221182E+00,-4.1103894E-03
+127.7000E-06,+1.1394505231E+00,-4.1187624E-03
+127.8000E-06,+1.1403291855E+00,-4.1062643E-03
+127.9000E-06,+1.1385339459E+00,-4.1098270E-03
+128.0000E-06,+1.1375033230E+00,-4.1081290E-03
+128.1000E-06,+1.1397332346E+00,-4.1193530E-03
+128.2000E-06,+1.1374024495E+00,-4.1260571E-03
+128.3000E-06,+1.1394820025E+00,-4.1247258E-03
+128.4000E-06,+1.1390916805E+00,-4.1203724E-03
+128.5000E-06,+1.1398016771E+00,-4.1162446E-03
+128.6000E-06,+1.1398453770E+00,-4.1101431E-03
+128.7000E-06,+1.1396827979E+00,-4.1615976E-03
+128.8000E-06,+1.1372835703E+00,-4.1672678E-03
+128.9000E-06,+1.1317231271E+00,-3.0089346E-03
+129.0000E-06,+1.1257488727E+00,-837.5840E-06
+129.1000E-06,+1.1130986587E+00,+3.0900474E-03
+129.2000E-06,+1.1072515749E+00,+4.4556061E-03
+129.3000E-06,+1.1045766741E+00,+4.4556061E-03
+129.4000E-06,+1.1059691169E+00,+4.4556061E-03
+129.5000E-06,+1.1086474285E+00,+4.4556061E-03
+129.6000E-06,+1.1074905866E+00,+4.4556061E-03
+129.7000E-06,+1.1067054107E+00,+4.4556061E-03
+129.8000E-06,+1.1080315686E+00,+4.4556061E-03
+129.9000E-06,+1.1082757624E+00,+4.4556061E-03
+130.0000E-06,+1.1059009759E+00,+4.4556061E-03
+130.1000E-06,+1.1096333998E+00,+4.4556061E-03
+130.2000E-06,+1.1051350589E+00,+4.4556061E-03
+130.3000E-06,+1.1049950646E+00,+4.4556061E-03
+130.4000E-06,+1.1051350589E+00,+4.4556061E-03
+130.5000E-06,+1.1078432953E+00,+4.4553592E-03
+130.6000E-06,+1.1097446377E+00,+4.3802617E-03
+130.7000E-06,+1.1160526435E+00,+3.0534928E-03
+130.8000E-06,+1.1249649499E+00,+850.7187E-06
+130.9000E-06,+1.1315049290E+00,-2.1231243E-03
+131.0000E-06,+1.1355417448E+00,-4.5429395E-03
+131.1000E-06,+1.1362881015E+00,-5.2885321E-03
+131.2000E-06,+1.1355102654E+00,-5.3560461E-03
+131.3000E-06,+1.1326596133E+00,-5.1008306E-03
+131.4000E-06,+1.1321091714E+00,-4.5291491E-03
+131.5000E-06,+1.1292795966E+00,-3.7711027E-03
+131.6000E-06,+1.1294755113E+00,-3.0359098E-03
+131.7000E-06,+1.1282789456E+00,-2.5614847E-03
+131.8000E-06,+1.1276777654E+00,-2.4177660E-03
+131.9000E-06,+1.1286784164E+00,-2.5120196E-03
+132.0000E-06,+1.1288278706E+00,-2.7838169E-03
+132.1000E-06,+1.1297386625E+00,-3.0930838E-03
+132.2000E-06,+1.1271199837E+00,-3.3822657E-03
+132.3000E-06,+1.1302606872E+00,-3.6026133E-03
+132.4000E-06,+1.1297658643E+00,-3.7336903E-03
+132.5000E-06,+1.1309285008E+00,-3.7804445E-03
+132.6000E-06,+1.1306216403E+00,-3.7427850E-03
+132.7000E-06,+1.1297973437E+00,-3.6174222E-03
+132.8000E-06,+1.1288315358E+00,-3.4544024E-03
+132.9000E-06,+1.1313481351E+00,-3.2583511E-03
+133.0000E-06,+1.1279051596E+00,-3.0603452E-03
+133.1000E-06,+1.1271199837E+00,-2.8561508E-03
+133.2000E-06,+1.1272691363E+00,-2.6518502E-03
+133.3000E-06,+1.1263348078E+00,-2.4826233E-03
+133.4000E-06,+1.1271199837E+00,-2.3454510E-03
+133.5000E-06,+1.1261187297E+00,-2.1891183E-03
+133.6000E-06,+1.1275362542E+00,-2.1121088E-03
+133.7000E-06,+1.1278226404E+00,-1.9524442E-03
+133.8000E-06,+1.1256789226E+00,-1.8702542E-03
+133.9000E-06,+1.1266722338E+00,-1.8369296E-03
+134.0000E-06,+1.1274143128E+00,-1.7547777E-03
+134.1000E-06,+1.1252391156E+00,-1.6472496E-03
+134.2000E-06,+1.1255496319E+00,-1.5489874E-03
+134.3000E-06,+1.1239792801E+00,-1.4503897E-03
+134.4000E-06,+1.1255147794E+00,-1.3537235E-03
+134.5000E-06,+1.1270817580E+00,-1.2846823E-03
+134.6000E-06,+1.1263280615E+00,-1.2073310E-03
+134.7000E-06,+1.1275084494E+00,-1.1237646E-03
+134.8000E-06,+1.1266059019E+00,-1.0666435E-03
+134.9000E-06,+1.1264802858E+00,-1.0014292E-03
+135.0000E-06,+1.1263348078E+00,-968.1150E-06
+135.1000E-06,+1.1261232994E+00,-912.9221E-06
+135.2000E-06,+1.1259631323E+00,-859.4158E-06
+135.3000E-06,+1.1266917942E+00,-826.7577E-06
+135.4000E-06,+1.1259096899E+00,-788.0625E-06
+135.5000E-06,+1.1245101523E+00,-757.1826E-06
+135.6000E-06,+1.1256523145E+00,-729.1837E-06
+135.7000E-06,+1.1270457089E+00,-686.2964E-06
+135.8000E-06,+1.1257639104E+00,-656.0145E-06
+135.9000E-06,+1.1243047871E+00,-636.8220E-06
+136.0000E-06,+1.1262348953E+00,-603.6064E-06
+136.1000E-06,+1.1255496319E+00,-589.7143E-06
+136.2000E-06,+1.1269543423E+00,-557.6074E-06
+136.3000E-06,+1.1270343929E+00,-535.2449E-06
+136.4000E-06,+1.1268400422E+00,-521.9392E-06
+136.5000E-06,+1.1260407802E+00,-508.1174E-06
+136.6000E-06,+1.1267003401E+00,-492.0006E-06
+136.7000E-06,+1.1239792801E+00,-471.6473E-06
+136.8000E-06,+1.1255496319E+00,-466.4647E-06
+136.9000E-06,+1.1270520877E+00,-454.9277E-06
+137.0000E-06,+1.1272204992E+00,-453.5407E-06
+137.1000E-06,+1.1273775946E+00,-439.7431E-06
+137.2000E-06,+1.1267495142E+00,-426.0141E-06
+137.3000E-06,+1.1237659062E+00,-408.7400E-06
+137.4000E-06,+1.1233398837E+00,-389.7657E-06
+137.5000E-06,+1.1263146444E+00,-402.2009E-06
+137.6000E-06,+1.1276942542E+00,-395.2554E-06
+137.7000E-06,+1.1255025023E+00,-393.0280E-06
+137.8000E-06,+1.1251929471E+00,-386.7986E-06
+137.9000E-06,+1.1238558312E+00,-376.4650E-06
+138.0000E-06,+1.1231179639E+00,-374.6655E-06
+138.1000E-06,+1.1231941043E+00,-359.1663E-06
+138.2000E-06,+1.1240532534E+00,-367.6122E-06
+138.3000E-06,+1.1233936936E+00,-380.2827E-06
+138.4000E-06,+1.1246296910E+00,-382.8479E-06
+138.5000E-06,+1.1227432827E+00,-381.0592E-06
+138.6000E-06,+1.1229853660E+00,-379.3052E-06
+138.7000E-06,+1.1253833875E+00,-372.0007E-06
+138.8000E-06,+1.1218362219E+00,-376.4294E-06
+138.9000E-06,+1.1221280824E+00,-376.2871E-06
+139.0000E-06,+1.1236855541E+00,-373.7009E-06
+139.1000E-06,+1.1236669548E+00,-372.3139E-06
+139.2000E-06,+1.1213190120E+00,-371.4300E-06
+139.3000E-06,+1.1237500770E+00,-385.8181E-06
+139.4000E-06,+1.1254835450E+00,-384.5314E-06
+139.5000E-06,+1.1244911949E+00,-398.3410E-06
+139.6000E-06,+1.1237154694E+00,-400.2780E-06
+139.7000E-06,+1.1239981810E+00,-398.8697E-06
+139.8000E-06,+1.1203250978E+00,-388.2326E-06
+139.9000E-06,+1.1222628474E+00,-401.5649E-06
+140.0000E-06,+1.1207771819E+00,-410.7640E-06
+140.1000E-06,+1.1207334254E+00,-400.3126E-06
+140.2000E-06,+1.1210693439E+00,-402.6918E-06
+140.3000E-06,+1.1209833950E+00,-415.8445E-06
+140.4000E-06,+1.1225332819E+00,-414.8604E-06
+140.5000E-06,+1.1207636423E+00,-400.9846E-06
+140.6000E-06,+1.1186908262E+00,-413.4932E-06
+140.7000E-06,+1.1214027372E+00,-439.2283E-06
+140.8000E-06,+1.1192802004E+00,-439.0176E-06
+140.9000E-06,+1.1207032086E+00,-439.6405E-06
+141.0000E-06,+1.1212890966E+00,-432.1986E-06
+141.1000E-06,+1.1200534007E+00,-432.4645E-06
+141.2000E-06,+1.1215403288E+00,-543.1774E-06
+141.3000E-06,+1.1192260325E+00,-370.2214E-06
+141.4000E-06,+1.1182012984E+00,-459.6346E-06
+141.5000E-06,+1.1196567471E+00,-419.1482E-06
+141.6000E-06,+1.1194269409E+00,-421.9526E-06
+141.7000E-06,+1.1186599498E+00,-401.7324E-06
+141.8000E-06,+1.1215088494E+00,-430.4629E-06
+141.9000E-06,+1.1208278636E+00,-435.1301E-06
+142.0000E-06,+1.1183467199E+00,-440.0265E-06
+142.1000E-06,+1.1192675653E+00,-441.6414E-06
+142.2000E-06,+1.1196557861E+00,-453.0233E-06
+142.3000E-06,+1.1161583411E+00,-458.7030E-06
+142.4000E-06,+1.1203461657E+00,-466.5683E-06
+142.5000E-06,+1.1169334636E+00,-473.4879E-06
+142.6000E-06,+1.1186391268E+00,-472.9838E-06
+142.7000E-06,+1.1169126972E+00,-471.4790E-06
+142.8000E-06,+1.1170587216E+00,-463.4075E-06
+142.9000E-06,+1.1170379552E+00,-459.9955E-06
+143.0000E-06,+1.1179494633E+00,-457.7901E-06
+143.1000E-06,+1.1176978731E+00,-461.1040E-06
+143.2000E-06,+1.1172061783E+00,-468.8146E-06
+143.3000E-06,+1.1155521013E+00,-456.7123E-06
+143.4000E-06,+1.1174259310E+00,-448.2104E-06
+143.5000E-06,+1.1160122602E+00,-451.4666E-06
+143.6000E-06,+1.1169648865E+00,-448.2997E-06
+143.7000E-06,+1.1175304226E+00,-457.3755E-06
+143.8000E-06,+1.1176140913E+00,-445.3695E-06
+143.9000E-06,+1.1151748385E+00,-457.4738E-06
+144.0000E-06,+1.1157402050E+00,-458.7911E-06
+144.1000E-06,+1.1161275213E+00,-456.9677E-06
+144.2000E-06,+1.1149234179E+00,-454.0500E-06
+144.3000E-06,+1.1152271408E+00,-431.9113E-06
+144.4000E-06,+1.1176458157E+00,-450.6905E-06
+144.5000E-06,+1.1137719936E+00,-433.7522E-06
+144.6000E-06,+1.1158658777E+00,-437.6640E-06
+144.7000E-06,+1.1164934681E+00,-437.0465E-06
+144.8000E-06,+1.1145571695E+00,-424.3027E-06
+144.9000E-06,+1.1145054137E+00,-423.0056E-06
+145.0000E-06,+1.1123069815E+00,-423.1259E-06
+145.1000E-06,+1.1144526214E+00,-409.8902E-06
+145.2000E-06,+1.1117821113E+00,-404.1778E-06
+145.3000E-06,+1.1157717410E+00,-403.7148E-06
+145.4000E-06,+1.1142533900E+00,-376.2102E-06
+145.5000E-06,+1.1130924589E+00,-372.0065E-06
+145.6000E-06,+1.1123067365E+00,-384.8419E-06
+145.7000E-06,+1.1118548785E+00,-377.4070E-06
+145.8000E-06,+1.1153423454E+00,-365.2966E-06
+145.9000E-06,+1.1134476927E+00,-356.3581E-06
+146.0000E-06,+1.1145571695E+00,-337.9512E-06
+146.1000E-06,+1.1122016419E+00,-337.7087E-06
+146.2000E-06,+1.1121176151E+00,-330.8103E-06
+146.3000E-06,+1.1136472256E+00,-316.9121E-06
+146.4000E-06,+1.1111329064E+00,-311.7041E-06
+146.5000E-06,+1.1129868178E+00,-314.4659E-06
+146.6000E-06,+1.1134052554E+00,-314.2168E-06
+146.7000E-06,+1.1114164660E+00,-324.3800E-06
+146.8000E-06,+1.1120861358E+00,-307.5837E-06
+146.9000E-06,+1.1106717300E+00,-288.6941E-06
+147.0000E-06,+1.1109027422E+00,-295.2559E-06
+147.1000E-06,+1.1111539744E+00,-269.2581E-06
+147.2000E-06,+1.1102555914E+00,-258.1353E-06
+147.3000E-06,+1.1101187158E+00,-364.2284E-06
+147.4000E-06,+1.1107782756E+00,-255.1358E-06
+147.5000E-06,+1.1105885512E+00,-213.6822E-06
+147.6000E-06,+1.1118889019E+00,-282.9205E-06
+147.7000E-06,+1.1091565260E+00,-286.6868E-06
+147.8000E-06,+1.1089867201E+00,-282.6740E-06
+147.9000E-06,+1.1098461142E+00,-256.8153E-06
+148.0000E-06,+1.1098461142E+00,-249.8886E-06
+148.1000E-06,+1.1068111083E+00,-245.2524E-06
+148.2000E-06,+1.1072147814E+00,-239.7012E-06
+148.3000E-06,+1.1090692958E+00,-219.3494E-06
+148.4000E-06,+1.1092477607E+00,-216.8109E-06
+148.5000E-06,+1.1090609383E+00,-214.3998E-06
+148.6000E-06,+1.1100014572E+00,-203.9559E-06
+148.7000E-06,+1.1103783054E+00,-190.1113E-06
+148.8000E-06,+1.1082757624E+00,-198.2970E-06
+148.9000E-06,+1.1076574905E+00,-205.8086E-06
+149.0000E-06,+1.1076907224E+00,-199.8431E-06
+149.1000E-06,+1.1073279320E+00,-201.8046E-06
+149.2000E-06,+1.1083975720E+00,-199.6177E-06
+149.3000E-06,+1.1084819002E+00,-211.1110E-06
+149.4000E-06,+1.1074611612E+00,-219.8122E-06
+149.5000E-06,+1.1087900892E+00,-211.4790E-06
+149.6000E-06,+1.1082778165E+00,-222.1067E-06
+149.7000E-06,+1.1079009682E+00,-212.5363E-06
+149.8000E-06,+1.1061931379E+00,-205.5052E-06
+149.9000E-06,+1.1060187810E+00,-215.7012E-06
+150.0000E-06,+1.1050917170E+00,-203.9189E-06
+150.1000E-06,+1.1068093558E+00,-204.4843E-06
+150.2000E-06,+1.1064758494E+00,-207.8861E-06
+150.3000E-06,+1.1036395284E+00,-199.0135E-06
+150.4000E-06,+1.1068333823E+00,-207.0318E-06
+150.5000E-06,+1.1031370641E+00,-208.0855E-06
+150.6000E-06,+1.1044561837E+00,-209.8968E-06
+150.7000E-06,+1.1037821044E+00,-181.6617E-06
+150.8000E-06,+1.1043498830E+00,-195.2178E-06
+150.9000E-06,+1.1040743229E+00,-201.0164E-06
+151.0000E-06,+1.1047991970E+00,-180.3182E-06
+151.1000E-06,+1.1027795312E+00,-183.5135E-06
+151.2000E-06,+1.1063668917E+00,-183.5580E-06
+151.3000E-06,+1.1022812598E+00,-194.4621E-06
+151.4000E-06,+1.1028273675E+00,-188.7950E-06
+151.5000E-06,+1.1040576645E+00,-195.6660E-06
+151.6000E-06,+1.1028300245E+00,-185.8182E-06
+151.7000E-06,+1.1038664326E+00,-186.2065E-06
+151.8000E-06,+1.1054557982E+00,-195.4451E-06
+151.9000E-06,+1.1043118552E+00,-176.0882E-06
+152.0000E-06,+1.1013443025E+00,-175.3203E-06
+152.1000E-06,+1.1038254462E+00,-177.2148E-06
+152.2000E-06,+1.1028169277E+00,-171.2558E-06
+152.3000E-06,+1.1038034738E+00,-169.6643E-06
+152.4000E-06,+1.1010143577E+00,-162.1442E-06
+152.5000E-06,+1.1027575588E+00,-165.0531E-06
+152.6000E-06,+1.1028831749E+00,-181.7984E-06
+152.7000E-06,+1.1035647071E+00,-161.4381E-06
+152.8000E-06,+1.1047047588E+00,-159.7294E-06
+152.9000E-06,+1.1035177754E+00,-163.8017E-06
+153.0000E-06,+1.1018152874E+00,-156.9494E-06
+153.1000E-06,+1.1029933386E+00,-164.4461E-06
+153.2000E-06,+1.1020665196E+00,-168.4829E-06
+153.3000E-06,+1.1004240036E+00,-162.9281E-06
+153.4000E-06,+1.1023177518E+00,-168.3472E-06
+153.5000E-06,+1.1007601670E+00,-170.4955E-06
+153.6000E-06,+1.1019943554E+00,-177.4632E-06
+153.7000E-06,+1.1004240036E+00,-190.7628E-06
+153.8000E-06,+1.1034426526E+00,-189.8019E-06
+153.9000E-06,+1.1004703323E+00,-176.8044E-06
+154.0000E-06,+1.1025781894E+00,-180.9202E-06
+154.1000E-06,+1.1012091795E+00,-188.1346E-06
+154.2000E-06,+1.1012091795E+00,-181.4805E-06
+154.3000E-06,+1.1010927688E+00,-182.7701E-06
+154.4000E-06,+1.0996572386E+00,-182.3149E-06
+154.5000E-06,+1.1031602426E+00,-190.3238E-06
+154.6000E-06,+1.1009526049E+00,-198.3226E-06
+154.7000E-06,+1.1019943554E+00,-200.5630E-06
+154.8000E-06,+1.1004593461E+00,-200.0421E-06
+154.9000E-06,+1.1007655093E+00,-242.4665E-06
+155.0000E-06,+1.1004017296E+00,-248.0151E-06
+155.1000E-06,+1.1003206615E+00,-201.7417E-06
+155.2000E-06,+1.1015364389E+00,-181.9321E-06
+155.3000E-06,+1.1001454566E+00,-171.2935E-06
+155.4000E-06,+1.1001190181E+00,-166.2493E-06
+155.5000E-06,+1.1006033730E+00,-187.4149E-06
+155.6000E-06,+1.0996388277E+00,-209.2251E-06
+155.7000E-06,+1.0981403387E+00,-224.1981E-06
+155.8000E-06,+1.0982659547E+00,-217.6820E-06
+155.9000E-06,+1.1001009087E+00,-237.6045E-06
+156.0000E-06,+1.0987414058E+00,-250.1762E-06
+156.1000E-06,+1.1000605254E+00,-250.4633E-06
+156.2000E-06,+1.0984274880E+00,-242.0061E-06
+156.3000E-06,+1.0974852167E+00,-234.3257E-06
+156.4000E-06,+1.0979024765E+00,-237.2779E-06
+156.5000E-06,+1.1001323881E+00,-248.6297E-06
+156.6000E-06,+1.0981177632E+00,-247.5171E-06
+156.7000E-06,+1.0986695148E+00,-247.5758E-06
+156.8000E-06,+1.0979517638E+00,-255.8757E-06
+156.9000E-06,+1.0972743961E+00,-249.7695E-06
+157.0000E-06,+1.0993697877E+00,-244.7538E-06
+157.1000E-06,+1.0972785324E+00,-238.9490E-06
+157.2000E-06,+1.0976963953E+00,-236.8488E-06
+157.3000E-06,+1.0972833000E+00,-242.7454E-06
+157.4000E-06,+1.0987054603E+00,-237.2737E-06
+157.5000E-06,+1.0987407745E+00,-237.9927E-06
+157.6000E-06,+1.1010030982E+00,-243.6125E-06
+157.7000E-06,+1.0989528576E+00,-228.2985E-06
+157.8000E-06,+1.0980684759E+00,-234.1039E-06
+157.9000E-06,+1.0968034112E+00,-226.8593E-06
+158.0000E-06,+1.0986739809E+00,-222.7725E-06
+158.1000E-06,+1.0966062339E+00,-231.4279E-06
+158.2000E-06,+1.0980684759E+00,-236.4300E-06
+158.3000E-06,+1.0982656532E+00,-234.9056E-06
+158.4000E-06,+1.0966377133E+00,-230.6219E-06
+158.5000E-06,+1.0988518145E+00,-226.9383E-06
+158.6000E-06,+1.0985830760E+00,-227.3424E-06
+158.7000E-06,+1.0992966906E+00,-222.0256E-06
+158.8000E-06,+1.0973233819E+00,-226.2089E-06
+158.9000E-06,+1.0946396902E+00,-233.4883E-06
+159.0000E-06,+1.0969032200E+00,-228.6216E-06
+159.1000E-06,+1.0972833000E+00,-225.8017E-06
+159.2000E-06,+1.0978831328E+00,-228.0859E-06
+159.3000E-06,+1.0957129483E+00,-227.8849E-06
+159.4000E-06,+1.0964981242E+00,-240.4121E-06
+159.5000E-06,+1.0985852148E+00,-228.5840E-06
+159.6000E-06,+1.0938770898E+00,-227.1195E-06
+159.7000E-06,+1.0964981242E+00,-229.2357E-06
+159.8000E-06,+1.0977943668E+00,-231.4778E-06
+159.9000E-06,+1.0952247585E+00,-231.7661E-06
+160.0000E-06,+1.0964066163E+00,-247.3792E-06
+160.1000E-06,+1.0959184265E+00,-247.6046E-06
+160.2000E-06,+1.0970549449E+00,-249.9423E-06
+160.3000E-06,+1.0946510345E+00,-239.6696E-06
+160.4000E-06,+1.0952333609E+00,-235.1431E-06
+160.5000E-06,+1.0945025414E+00,-241.1092E-06
+160.6000E-06,+1.0929527393E+00,-226.7092E-06
+160.7000E-06,+1.0944276353E+00,-231.2789E-06
+160.8000E-06,+1.0959098241E+00,-228.1658E-06
+160.9000E-06,+1.0963579320E+00,-233.1669E-06
+161.0000E-06,+1.0954869204E+00,-296.0614E-06
+161.1000E-06,+1.0943540484E+00,-261.4187E-06
+161.2000E-06,+1.0972101182E+00,-198.0485E-06
+161.3000E-06,+1.0964583438E+00,-263.1037E-06
+161.4000E-06,+1.0953821555E+00,-241.7885E-06
+161.5000E-06,+1.0948124830E+00,-259.7473E-06
+161.6000E-06,+1.0950239348E+00,-244.8478E-06
+161.7000E-06,+1.0968538197E+00,-231.7854E-06
+161.8000E-06,+1.0960288635E+00,-220.3579E-06
+161.9000E-06,+1.0941591983E+00,-219.0777E-06
+162.0000E-06,+1.0949277724E+00,-220.3522E-06
+162.1000E-06,+1.0941491732E+00,-202.1866E-06
+162.2000E-06,+1.0968683957E+00,-191.9239E-06
+162.3000E-06,+1.0938681859E+00,-195.2938E-06
+162.4000E-06,+1.0964981242E+00,-194.7887E-06
+162.5000E-06,+1.0956897698E+00,-202.9194E-06
+162.6000E-06,+1.0940401589E+00,-197.5851E-06
+162.7000E-06,+1.0956869243E+00,-210.2713E-06
+162.8000E-06,+1.0978704789E+00,-200.3197E-06
+162.9000E-06,+1.0955395525E+00,-188.8623E-06
+163.0000E-06,+1.0955326743E+00,-181.5602E-06
+163.1000E-06,+1.0941972544E+00,-186.9171E-06
+163.2000E-06,+1.0949987306E+00,-195.3405E-06
+163.3000E-06,+1.0933574206E+00,-208.0921E-06
+163.4000E-06,+1.0964981242E+00,-194.0017E-06
+163.5000E-06,+1.0933574206E+00,-193.9979E-06
+163.6000E-06,+1.0960746174E+00,-201.3211E-06
+163.7000E-06,+1.0964119869E+00,-209.4776E-06
+163.8000E-06,+1.0955945119E+00,-192.8667E-06
+163.9000E-06,+1.0960431380E+00,-190.5744E-06
+164.0000E-06,+1.0957999053E+00,-189.2935E-06
+164.1000E-06,+1.0953915776E+00,-191.2590E-06
+164.2000E-06,+1.0962548914E+00,-201.9027E-06
+164.3000E-06,+1.0942602132E+00,-197.4656E-06
+164.4000E-06,+1.0956889501E+00,-178.0049E-06
+164.5000E-06,+1.0936246516E+00,-203.4780E-06
+164.6000E-06,+1.0970315497E+00,-196.2783E-06
+164.7000E-06,+1.0949122918E+00,-190.6025E-06
+164.8000E-06,+1.0944562692E+00,-185.6312E-06
+164.9000E-06,+1.0950768685E+00,-175.8445E-06
+165.0000E-06,+1.0949042924E+00,-182.1727E-06
+165.1000E-06,+1.0986493796E+00,-191.2601E-06
+165.2000E-06,+1.0954851961E+00,-190.4700E-06
+165.3000E-06,+1.0949277724E+00,-192.9974E-06
+165.4000E-06,+1.0938364049E+00,-177.3054E-06
+165.5000E-06,+1.0954694988E+00,-167.6478E-06
+165.6000E-06,+1.0957129483E+00,-168.0511E-06
+165.7000E-06,+1.0949277724E+00,-178.3874E-06
+165.8000E-06,+1.0955166755E+00,-172.2991E-06
+165.9000E-06,+1.0957129483E+00,-168.5611E-06
+166.0000E-06,+1.0951474404E+00,-163.4118E-06
+166.1000E-06,+1.0947157175E+00,-157.9097E-06
+166.2000E-06,+1.0962388078E+00,-168.8363E-06
+166.3000E-06,+1.0971265909E+00,-176.4617E-06
+166.4000E-06,+1.0943073899E+00,-159.6518E-06
+166.5000E-06,+1.0955946438E+00,-157.9583E-06
+166.6000E-06,+1.0946054972E+00,-155.0029E-06
+166.7000E-06,+1.0949277724E+00,-156.1702E-06
+166.8000E-06,+1.0960264514E+00,-152.9828E-06
+166.9000E-06,+1.0949431682E+00,-148.0509E-06
+167.0000E-06,+1.0950610864E+00,-148.4839E-06
+167.1000E-06,+1.0938836664E+00,-141.0252E-06
+167.2000E-06,+1.0949438560E+00,-145.9801E-06
+167.3000E-06,+1.0944176102E+00,-152.4269E-06
+167.4000E-06,+1.0947401868E+00,-141.4555E-06
+167.5000E-06,+1.0934287651E+00,-151.3824E-06
+167.6000E-06,+1.0942444311E+00,-137.1653E-06
+167.7000E-06,+1.0948249485E+00,-137.6485E-06
+167.8000E-06,+1.0947696876E+00,-152.1358E-06
+167.9000E-06,+1.0947555826E+00,-165.6113E-06
+168.0000E-06,+1.0960747022E+00,-147.9195E-06
+168.1000E-06,+1.0928485492E+00,-144.6974E-06
+168.2000E-06,+1.0929240206E+00,-164.6445E-06
+168.3000E-06,+1.0939466252E+00,-156.5982E-06
+168.4000E-06,+1.0958549495E+00,-152.3205E-06
+168.5000E-06,+1.0941425965E+00,-151.3060E-06
+168.6000E-06,+1.0955648415E+00,-155.8699E-06
+168.7000E-06,+1.0957129483E+00,-134.2504E-06
+168.8000E-06,+1.0956740725E+00,-210.0717E-06
+168.9000E-06,+1.0943070884E+00,-176.3740E-06
+169.0000E-06,+1.0958832442E+00,-110.8178E-06
+169.1000E-06,+1.0961286723E+00,-110.1562E-06
+169.2000E-06,+1.0962542884E+00,-99.9675E-06
+169.3000E-06,+1.0954765089E+00,-111.3042E-06
+169.4000E-06,+1.0941425965E+00,-116.0372E-06
+169.5000E-06,+1.0942756090E+00,-139.4766E-06
+169.6000E-06,+1.0954636100E+00,-146.4909E-06
+169.7000E-06,+1.0953120170E+00,-158.8758E-06
+169.8000E-06,+1.0957129483E+00,-162.9922E-06
+169.9000E-06,+1.0950774715E+00,-152.3272E-06
+170.0000E-06,+1.0941907625E+00,-141.2874E-06
+170.1000E-06,+1.0955098821E+00,-154.9263E-06
